SubstrateID	Position	Code	KinaseID	Peptide	Kinases	Description	PARTICIPANT_A	PARTICIPANT_B	INTERACTION_DATA_SOURCE	INTERACTION_TYPE
Q13444	715	Y	('P08631',)	LGASyWYRA	HCK	Tyrosine-protein kinase HCK	ADAM15	HCK	IntAct;HPRD;BioGRID	interacts-with
Q13444	735	Y	('P12931',)	PTCQyRAAQ	SRC	Proto-oncogene tyrosine-protein kinase Src	ADAM15	SRC	IntAct;HPRD;BioGRID	interacts-with
Q13444	715	Y	('P12931',)	LGASyWYRA	SRC	Proto-oncogene tyrosine-protein kinase Src	ADAM15	SRC	IntAct;HPRD;BioGRID	interacts-with
P09917	272	S	('P49137',)	ERQLsLEQE	MAPKAPK2	MAP kinase-activated protein kinase 2	ALOX5	MAPKAPK2	IntAct;HPRD;BioGRID	interacts-with
P04083	21	Y	('P00533',)	EEQEyVQTV	EGFR	Epidermal growth factor receptor (Receptor tyrosine-protein kinase ErbB-1)	ANXA1	EGFR	IntAct;HPRD;BioGRID	interacts-with
P07355	24	Y	('P12931',)	PPSAyGSVK	SRC	Proto-oncogene tyrosine-protein kinase Src	ANXA2	SRC	IntAct;HPRD	interacts-with
P25054	1392	S	('P49674',)	TSVSsLDSF	CK1_epsilon	casein kinase 1, epsilon	APC	CSNK1E	IntAct;HPRD;BioGRID	interacts-with
P25054	1279	S	('P49674',)	SSLSsLSSA	CK1_epsilon	casein kinase 1, epsilon	APC	CSNK1E	IntAct;HPRD;BioGRID	interacts-with
P49407	54	Y	('P12931',)	ERRVyVTLT	SRC	Proto-oncogene tyrosine-protein kinase Src	ARRB1	SRC	IntAct;DIP;BioGRID	interacts-with
P32121	382	T	('P68400',)	TNYAtDDDI	CK2_alpha	casein kinase 2, alpha 1 polypeptide	ARRB2	CSNK2A1	IntAct;HPRD;BioGRID	interacts-with
P15336	53	T	('Q16539',)	DQTPtPTRF	MAPK14	mitogen-activated protein kinase 14 (p38alpha)	ATF2	MAPK14	BIND;IntAct;HPRD;BioGRID	interacts-with
P15336	53	T	('P45983',)	DQTPtPTRF	MAPK8	mitogen-activated protein kinase 8 (JNK1)	ATF2	MAPK8	BIND;IntAct;HPRD;BioGRID	interacts-with
P15336	55	T	('Q99986',)	TPTPtRFLK	VRK1	vaccinia related kinase 1	ATF2	VRK1	IntAct	interacts-with
P54252	256	S	('P49841',)	AIQLsMQGS	GSK-3_beta	Glycogen synthase kinase-3 beta	ATXN3	GSK3B	IntAct;BioGRID	interacts-with
P56817	498	S	('P48730',)	ADDIsLLK	CK1_delta	casein kinase 1, delta	BACE1	CSNK1D	IntAct;HPRD;BioGRID	interacts-with
P56945	653	Y	('P12931',)	PDGQyENSE	SRC	Proto-oncogene tyrosine-protein kinase Src	BCAR1	SRC	BIND;IntAct;HPRD;BioGRID	interacts-with
Q07817	62	S	('P45983',)	HLADsPAVN	MAPK8	mitogen-activated protein kinase 8 (JNK1)	BCL2L1	MAPK8	IntAct;HPRD;BioGRID	interacts-with
Q07817	115	T	('P45983',)	QLHItPGTA	MAPK8	mitogen-activated protein kinase 8 (JNK1)	BCL2L1	MAPK8	IntAct;HPRD;BioGRID	interacts-with
Q07817	47	T	('P45983',)	SEMEtPSAI	MAPK8	mitogen-activated protein kinase 8 (JNK1)	BCL2L1	MAPK8	IntAct;HPRD;BioGRID	interacts-with
P10415	70	S	('P45983',)	VARTsPLQT	MAPK8	mitogen-activated protein kinase 8 (JNK1)	BCL2	MAPK8	IntAct;HPRD;BioGRID	interacts-with
P10415	87	S	('P45983',)	GPALsPVPP	MAPK8	mitogen-activated protein kinase 8 (JNK1)	BCL2	MAPK8	IntAct;HPRD;BioGRID	interacts-with
Q14457	119	T	('P53355',)	RLKVtGDLF	DAPK1	death-associated protein kinase 1	BECN1	DAPK1	IntAct;BioGRID	interacts-with
O15392	34	T	('P06493',)	GCACtPERM	CDK1	Cell division control protein 2 homolog (p34 protein kinase) (Cyclin-dependent kinase 1) GENE=CDC2	BIRC5	CDK1	IntAct;HPRD	interacts-with
Q8WV28	72	Y	('P43405',)	FDSDyENPD	SYK	Tyrosine-protein kinase SYK (Spleen tyrosine kinase).	BLNK	SYK	Pathbank;IntAct;HPRD;BioGRID	interacts-with
Q8WV28	96	Y	('P43405',)	ADDSyEPPP	SYK	Tyrosine-protein kinase SYK (Spleen tyrosine kinase).	BLNK	SYK	Pathbank;IntAct;HPRD;BioGRID	interacts-with
Q8WV28	178	Y	('P43405',)	DEADyVVPV	SYK	Tyrosine-protein kinase SYK (Spleen tyrosine kinase).	BLNK	SYK	Pathbank;IntAct;HPRD;BioGRID	interacts-with
Q8WV28	84	Y	('P43405',)	DSEMyVMPA	SYK	Tyrosine-protein kinase SYK (Spleen tyrosine kinase).	BLNK	SYK	Pathbank;IntAct;HPRD;BioGRID	interacts-with
P38398	988	S	('O96017',)	FPIKsFVKT	CHK2	CHK2 checkpoint homolog	BRCA1	CHEK2	BIND;IntAct;HPRD;BioGRID	interacts-with
Q03135	14	Y	('P12931',)	EGHLyTVPI	SRC	Proto-oncogene tyrosine-protein kinase Src	CAV1	SRC	IntAct;NetPath;HPRD;BioGRID	interacts-with
P22681	774	Y	('P06241',)	EDDGyDVPK	Fyn	Proto-oncogene tyrosine-protein kinase Fyn	CBL	FYN	BIND;IntAct;NetPath;HPRD;BioGRID	interacts-with
P22681	731	Y	('P06241',)	DSCTyEAMY	Fyn	Proto-oncogene tyrosine-protein kinase Fyn	CBL	FYN	BIND;IntAct;NetPath;HPRD;BioGRID	interacts-with
P22681	700	Y	('P06241',)	EDTEyMTPS	Fyn	Proto-oncogene tyrosine-protein kinase Fyn	CBL	FYN	BIND;IntAct;NetPath;HPRD;BioGRID	interacts-with
P22681	774	Y	('P43405',)	EDDGyDVPK	SYK	Tyrosine-protein kinase SYK (Spleen tyrosine kinase).	CBL	SYK	IntAct;NetPath;HPRD;BioGRID	interacts-with
P22681	731	Y	('P43405',)	DSCTyEAMY	SYK	Tyrosine-protein kinase SYK (Spleen tyrosine kinase).	CBL	SYK	IntAct;NetPath;HPRD;BioGRID	interacts-with
P22681	700	Y	('P43405',)	EDTEyMTPS	SYK	Tyrosine-protein kinase SYK (Spleen tyrosine kinase).	CBL	SYK	IntAct;NetPath;HPRD;BioGRID	interacts-with
P14635	128	S	('P53350',)	TASPsPMET	PLK1	Polo like kinase 1	CCNB1	PLK1	BIND;IntAct;HPRD	interacts-with
P14635	147	S	('P53350',)	CQAFsDVIL	PLK1	Polo like kinase 1	CCNB1	PLK1	BIND;IntAct;HPRD	interacts-with
P14635	133	S	('P53350',)	PMETsGCAP	PLK1	Polo like kinase 1	CCNB1	PLK1	BIND;IntAct;HPRD	interacts-with
P14635	126	S	('P53350',)	VDTAsPSPM	PLK1	Polo like kinase 1	CCNB1	PLK1	BIND;IntAct;HPRD	interacts-with
P24864	395	T	('P24941',)	SGLLtPPQS	CDK2	Cell division protein kinase 2	CCNE1	CDK2	BIND;IntAct;NetPath;DIP;HPRD;BioGRID	interacts-with
P24864	399	S	('P24941',)	TPPQsGKKQ	CDK2	Cell division protein kinase 2	CCNE1	CDK2	BIND;IntAct;NetPath;DIP;HPRD;BioGRID	interacts-with
P24864	395	T	('P49841',)	SGLLtPPQS	GSK-3_beta	Glycogen synthase kinase-3 beta	CCNE1	GSK3B	IntAct;HPRD;BioGRID	interacts-with
P30304	124	S	('O14757',)	KRSHsDSLD	CHK1	Serine/threonine-protein kinase Chk1	CDC25A	CHEK1	BIND;IntAct;DIP;HPRD;BioGRID	interacts-with
P30304	76	S	('O14757',)	QRMGsSEST	CHK1	Serine/threonine-protein kinase Chk1	CDC25A	CHEK1	BIND;IntAct;DIP;HPRD;BioGRID	interacts-with
P30304	279	S	('O14757',)	RPERsQEES	CHK1	Serine/threonine-protein kinase Chk1	CDC25A	CHEK1	BIND;IntAct;DIP;HPRD;BioGRID	interacts-with
P30304	293	S	('O14757',)	KRRKsMSGA	CHK1	Serine/threonine-protein kinase Chk1	CDC25A	CHEK1	BIND;IntAct;DIP;HPRD;BioGRID	interacts-with
P30304	507	T	('O14757',)	TKSRtWAGE	CHK1	Serine/threonine-protein kinase Chk1	CDC25A	CHEK1	BIND;IntAct;DIP;HPRD;BioGRID	interacts-with
P30304	178	S	('O14757',)	QRQNsAPAR	CHK1	Serine/threonine-protein kinase Chk1	CDC25A	CHEK1	BIND;IntAct;DIP;HPRD;BioGRID	interacts-with
P30304	124	S	('O96017',)	KRSHsDSLD	CHK2	CHK2 checkpoint homolog	CDC25A	CHEK2	IntAct;HPRD;BioGRID	interacts-with
P30304	279	S	('O96017',)	RPERsQEES	CHK2	CHK2 checkpoint homolog	CDC25A	CHEK2	IntAct;HPRD;BioGRID	interacts-with
P30304	293	S	('O96017',)	KRRKsMSGA	CHK2	CHK2 checkpoint homolog	CDC25A	CHEK2	IntAct;HPRD;BioGRID	interacts-with
P30304	178	S	('O96017',)	QRQNsAPAR	CHK2	CHK2 checkpoint homolog	CDC25A	CHEK2	IntAct;HPRD;BioGRID	interacts-with
P30305	323	S	('Q14680',)	FRSPsMPCS	Eg3 kinase	member of the KIN1/PAR-1/MARK family	CDC25B	MELK	IntAct;HPRD;BioGRID	interacts-with
P30305	169	S	('Q14680',)	NITNsQAPD	Eg3 kinase	member of the KIN1/PAR-1/MARK family	CDC25B	MELK	IntAct;HPRD;BioGRID	interacts-with
P30307	214	S	('P06493',)	GLYRsPSMP	CDK1	Cell division control protein 2 homolog (p34 protein kinase) (Cyclin-dependent kinase 1) GENE=CDC2	CDC25C	CDK1	IntAct;HPRD;BioGRID	interacts-with
P30307	67	T	('P06493',)	LSGGtPKRC	CDK1	Cell division control protein 2 homolog (p34 protein kinase) (Cyclin-dependent kinase 1) GENE=CDC2	CDC25C	CDK1	IntAct;HPRD;BioGRID	interacts-with
P30307	48	T	('P06493',)	DVPRtPVGK	CDK1	Cell division control protein 2 homolog (p34 protein kinase) (Cyclin-dependent kinase 1) GENE=CDC2	CDC25C	CDK1	IntAct;HPRD;BioGRID	interacts-with
P30307	122	S	('P06493',)	LMKCsPAQL	CDK1	Cell division control protein 2 homolog (p34 protein kinase) (Cyclin-dependent kinase 1) GENE=CDC2	CDC25C	CDK1	IntAct;HPRD;BioGRID	interacts-with
P30307	168	S	('P06493',)	KYLGsPITT	CDK1	Cell division control protein 2 homolog (p34 protein kinase) (Cyclin-dependent kinase 1) GENE=CDC2	CDC25C	CDK1	IntAct;HPRD;BioGRID	interacts-with
P30307	130	T	('P06493',)	LLCStPNGL	CDK1	Cell division control protein 2 homolog (p34 protein kinase) (Cyclin-dependent kinase 1) GENE=CDC2	CDC25C	CDK1	IntAct;HPRD;BioGRID	interacts-with
P30307	198	S	('P53350',)	LMEFsLKDQ	PLK1	Polo like kinase 1	CDC25C	PLK1	BIND;IntAct;DIP;HPRD;BioGRID	interacts-with
P49427	231	S	('P68400',)	DEDDsGTEE	CK2_alpha	casein kinase 2, alpha 1 polypeptide	CDC34	CSNK2A1	IntAct	interacts-with
Q53HL2	230	T	('P33981',)	EIFLtVPVG	TTK	TTK protein kinase	CDCA8	TTK	IntAct;BioGRID	interacts-with
Q53HL2	169	T	('P33981',)	SRANtVTPA	TTK	TTK protein kinase	CDCA8	TTK	IntAct;BioGRID	interacts-with
Q53HL2	88	T	('P33981',)	EEAAtADLD	TTK	TTK protein kinase	CDCA8	TTK	IntAct;BioGRID	interacts-with
Q53HL2	94	T	('P33981',)	DLDItEINK	TTK	TTK protein kinase	CDCA8	TTK	IntAct;BioGRID	interacts-with
P46527	74	Y	('P12931',)	LEGKyEWQE	SRC	Proto-oncogene tyrosine-protein kinase Src	CDKN1B	SRC	IntAct;HPRD;BioGRID	interacts-with
P46527	88	Y	('P12931',)	LPEFyYRPP	SRC	Proto-oncogene tyrosine-protein kinase Src	CDKN1B	SRC	IntAct;HPRD;BioGRID	interacts-with
P46527	89	Y	('P12931',)	PEFYyRPPR	SRC	Proto-oncogene tyrosine-protein kinase Src	CDKN1B	SRC	IntAct;HPRD;BioGRID	interacts-with
P23528	3	S	('P53667',)	sGVAV	LIMK1	LIM domain kinase 1	CFL1	LIMK1	Pathbank;IntAct;DIP;HPRD;BioGRID	interacts-with
Q00610	1477	Y	('P12931',)	TEEDyQALR	SRC	Proto-oncogene tyrosine-protein kinase Src	CLTC	SRC	IntAct;BioGRID	interacts-with
P35222	142	Y	('P06241',)	NLINyQDDA	Fyn	Proto-oncogene tyrosine-protein kinase Fyn	CTNNB1	FYN	IntAct;HPRD;BioGRID	interacts-with
P35222	654	Y	('P12931',)	GVATyAAAV	SRC	Proto-oncogene tyrosine-protein kinase Src	CTNNB1	SRC	IntAct;DIP;HPRD;BioGRID	interacts-with
P35222	86	Y	('P12931',)	IDGQyAMTR	SRC	Proto-oncogene tyrosine-protein kinase Src	CTNNB1	SRC	IntAct;DIP;HPRD;BioGRID	interacts-with
Q14247	486	Y	('P12931',)	EDSTyDEYE	SRC	Proto-oncogene tyrosine-protein kinase Src	CTTN	SRC	IntAct;HPRD	interacts-with
Q14247	470	Y	('P12931',)	TEAVyESAE	SRC	Proto-oncogene tyrosine-protein kinase Src	CTTN	SRC	IntAct;HPRD	interacts-with
Q14118	892	Y	('P12931',)	SPPPyVPP	SRC	Proto-oncogene tyrosine-protein kinase Src	DAG1	SRC	IntAct;HPRD;BioGRID	interacts-with
P28562	296	S	('P28482',)	RSIIsPNFS	MAPK1	mitogen-activated protein kinase 1 (Erk2)	DUSP1	MAPK1	IntAct;HPRD;BioGRID	interacts-with
P28562	323	S	('P28482',)	AEAGsPAMA	MAPK1	mitogen-activated protein kinase 1 (Erk2)	DUSP1	MAPK1	IntAct;HPRD;BioGRID	interacts-with
P28562	364	S	('P27361',)	PITTsPSC	MAPK3	mitogen-activated protein kinase 3 (Erk1)	DUSP1	MAPK3	IntAct;HPRD;BioGRID	interacts-with
Q16828	159	S	('P28482',)	CSSSsPPLP	MAPK1	mitogen-activated protein kinase 1 (Erk2)	DUSP6	MAPK1	IntAct;HPRD;BioGRID	interacts-with
Q16828	159	S	('P27361',)	CSSSsPPLP	MAPK3	mitogen-activated protein kinase 3 (Erk1)	DUSP6	MAPK3	IntAct;HPRD;BioGRID	interacts-with
P52799	304	Y	('P29323',)	FCPHyEKVS	EphB2	EPH receptor B2	EFNB2	EPHB2	BIND;IntAct;HPRD;BioGRID	interacts-with
Q13541	65	S	('P42345',)	ECRNsPVTK	mTOR	FK506 binding protein 12-rapamycin associated protein 1	EIF4EBP1	MTOR	IntAct;HPRD;BioGRID	interacts-with
Q13541	37	T	('P42345',)	DYSTtPGGT	mTOR	FK506 binding protein 12-rapamycin associated protein 1	EIF4EBP1	MTOR	IntAct;HPRD;BioGRID	interacts-with
Q13541	83	S	('P42345',)	PGVTsPSSD	mTOR	FK506 binding protein 12-rapamycin associated protein 1	EIF4EBP1	MTOR	IntAct;HPRD;BioGRID	interacts-with
Q13541	70	T	('P42345',)	PVTKtPPRD	mTOR	FK506 binding protein 12-rapamycin associated protein 1	EIF4EBP1	MTOR	IntAct;HPRD;BioGRID	interacts-with
Q13541	46	T	('P42345',)	LFSTtPGGT	mTOR	FK506 binding protein 12-rapamycin associated protein 1	EIF4EBP1	MTOR	IntAct;HPRD;BioGRID	interacts-with
Q13541	101	S	('P42345',)	HLRNsPEDK	mTOR	FK506 binding protein 12-rapamycin associated protein 1	EIF4EBP1	MTOR	IntAct;HPRD;BioGRID	interacts-with
P06730	209	S	('Q9BUB5',)	TKSGsTTKN	Mnk1	MAP kinase interacting serine/threonine kinase 1	EIF4E	MKNK1	BIND;IntAct;HPRD;BioGRID	interacts-with
P19419	389	S	('P27361',)	IAPRsPAKL	MAPK3	mitogen-activated protein kinase 3 (Erk1)	ELK1	MAPK3	BIND;Pathbank;IntAct;NetPath;HPRD;BioGRID	interacts-with
P19419	383	S	('P27361',)	WSTLsPIAP	MAPK3	mitogen-activated protein kinase 3 (Erk1)	ELK1	MAPK3	BIND;Pathbank;IntAct;NetPath;HPRD;BioGRID	interacts-with
P03372	537	Y	('P12931',)	VVPLyDLLL	SRC	Proto-oncogene tyrosine-protein kinase Src	ESR1	SRC	IntAct;DIP;HPRD;BioGRID	interacts-with
P15311	478	Y	('P12931',)	PPPVyEPVS	SRC	Proto-oncogene tyrosine-protein kinase Src	EZR	SRC	IntAct	interacts-with
P12318	288	Y	('P43405',)	ADGGyMTLN	SYK	Tyrosine-protein kinase SYK (Spleen tyrosine kinase).	FCGR2A	SYK	IntAct;HPRD;BioGRID	interacts-with
P12318	281	Y	('P43405',)	TNNDyETAD	SYK	Tyrosine-protein kinase SYK (Spleen tyrosine kinase).	FCGR2A	SYK	IntAct;HPRD;BioGRID	interacts-with
P12318	304	Y	('P43405',)	DKNIyLTLP	SYK	Tyrosine-protein kinase SYK (Spleen tyrosine kinase).	FCGR2A	SYK	IntAct;HPRD;BioGRID	interacts-with
P31994	292	Y	('P07948',)	NTITySLLM	Lyn	Tyrosine-protein kinase Lyn	FCGR2B	LYN	IntAct;HPRD;BioGRID	interacts-with
P21333	2152	S	('Q13153',)	RRAPsVANV	PAK1	Serine/threonine-protein kinase PAK1	FLNA	PAK1	IntAct;DIP;HPRD	interacts-with
O43524	644	S	('O14920',)	FNFDsLIST	IKK_beta	inhibitor of kappa light polypeptide gene enhancer in B-cells, kinase beta	FOXO3	IKBKB	BIND;IntAct;HPRD;BioGRID	interacts-with
P21462	328	S	('P25098',)	LTEDsTQTS	GRK-2	G protein-coupled receptor kinase 2 = beta-ARK1 (beta-adrenergic receptor kinase 1)	FPR1	GRK2	IntAct;HPRD	interacts-with
P21462	329	T	('P25098',)	TEDStQTSD	GRK-2	G protein-coupled receptor kinase 2 = beta-ARK1 (beta-adrenergic receptor kinase 1)	FPR1	GRK2	IntAct;HPRD	interacts-with
P21462	331	T	('P25098',)	DSTQtSDTA	GRK-2	G protein-coupled receptor kinase 2 = beta-ARK1 (beta-adrenergic receptor kinase 1)	FPR1	GRK2	IntAct;HPRD	interacts-with
P21462	332	S	('P25098',)	STQTsDTAT	GRK-2	G protein-coupled receptor kinase 2 = beta-ARK1 (beta-adrenergic receptor kinase 1)	FPR1	GRK2	IntAct;HPRD	interacts-with
P21462	334	T	('P25098',)	QTSDtATNS	GRK-2	G protein-coupled receptor kinase 2 = beta-ARK1 (beta-adrenergic receptor kinase 1)	FPR1	GRK2	IntAct;HPRD	interacts-with
P21462	336	T	('P25098',)	SDTAtNSTL	GRK-2	G protein-coupled receptor kinase 2 = beta-ARK1 (beta-adrenergic receptor kinase 1)	FPR1	GRK2	IntAct;HPRD	interacts-with
P21462	338	S	('P25098',)	TATNsTLPS	GRK-2	G protein-coupled receptor kinase 2 = beta-ARK1 (beta-adrenergic receptor kinase 1)	FPR1	GRK2	IntAct;HPRD	interacts-with
P21462	339	T	('P25098',)	ATNStLPSA	GRK-2	G protein-coupled receptor kinase 2 = beta-ARK1 (beta-adrenergic receptor kinase 1)	FPR1	GRK2	IntAct;HPRD	interacts-with
O15117	651	Y	('P06241',)	GDEVyDDVD	Fyn	Proto-oncogene tyrosine-protein kinase Fyn	FYB1	FYN	IntAct;NetPath;HPRD;BioGRID	interacts-with
O15117	595	Y	('P06241',)	DQEVyDDVA	Fyn	Proto-oncogene tyrosine-protein kinase Fyn	FYB1	FYN	IntAct;NetPath;HPRD;BioGRID	interacts-with
Q13480	627	Y	('P08581',)	KQVEyLDLD	Met	Hepatocyte growth factor receptor	GAB1	MET	BIND;IntAct;HPRD;BioGRID	interacts-with
Q13480	589	Y	('P08581',)	SEENyVPMN	Met	Hepatocyte growth factor receptor	GAB1	MET	BIND;IntAct;HPRD;BioGRID	interacts-with
Q13480	285	Y	('P08581',)	DGELyVFNT	Met	Hepatocyte growth factor receptor	GAB1	MET	BIND;IntAct;HPRD;BioGRID	interacts-with
Q13480	307	Y	('P08581',)	VSISyDIPP	Met	Hepatocyte growth factor receptor	GAB1	MET	BIND;IntAct;HPRD;BioGRID	interacts-with
Q13480	659	Y	('P08581',)	ERVDyVVVD	Met	Hepatocyte growth factor receptor	GAB1	MET	BIND;IntAct;HPRD;BioGRID	interacts-with
Q13480	373	Y	('P08581',)	TDSSyCIPT	Met	Hepatocyte growth factor receptor	GAB1	MET	BIND;IntAct;HPRD;BioGRID	interacts-with
Q13480	406	Y	('P08581',)	SQDCyDIPR	Met	Hepatocyte growth factor receptor	GAB1	MET	BIND;IntAct;HPRD;BioGRID	interacts-with
Q13480	472	Y	('P08581',)	QEANyVPMT	Met	Hepatocyte growth factor receptor	GAB1	MET	BIND;IntAct;HPRD;BioGRID	interacts-with
Q13480	447	Y	('P08581',)	LDENyVPMN	Met	Hepatocyte growth factor receptor	GAB1	MET	BIND;IntAct;HPRD;BioGRID	interacts-with
Q9UQC2	623	S	('P27361',)	FQPSsPSPH	MAPK3	mitogen-activated protein kinase 3 (Erk1)	GAB2	MAPK3	IntAct;NetPath;HPRD;BioGRID	interacts-with
P42261	849	S	('P17252',)	IPQQsINEA	PKC_alpha	Protein kinase C, alpha type	GRIA1	PRKACA	IntAct;HPRD	interacts-with
P06396	465	Y	('P12931',)	DPATyGQFY	SRC	Proto-oncogene tyrosine-protein kinase Src	GSN	SRC	IntAct;BioGRID	interacts-with
P14317	378	Y	('P07948',)	PENDyEDVE	Lyn	Tyrosine-protein kinase Lyn	HCLS1	LYN	IntAct;HPRD;BioGRID	interacts-with
P14317	222	Y	('P07948',)	PTTAyKKTT	Lyn	Tyrosine-protein kinase Lyn	HCLS1	LYN	IntAct;HPRD;BioGRID	interacts-with
P14317	397	Y	('P07948',)	PEGDyEEVL	Lyn	Tyrosine-protein kinase Lyn	HCLS1	LYN	IntAct;HPRD;BioGRID	interacts-with
P14317	378	Y	('P43405',)	PENDyEDVE	SYK	Tyrosine-protein kinase SYK (Spleen tyrosine kinase).	HCLS1	SYK	IntAct;HPRD;BioGRID	interacts-with
P14317	397	Y	('P43405',)	PEGDyEEVL	SYK	Tyrosine-protein kinase SYK (Spleen tyrosine kinase).	HCLS1	SYK	IntAct;HPRD;BioGRID	interacts-with
P61978	230	Y	('P12931',)	DPNFyDETY	SRC	Proto-oncogene tyrosine-protein kinase Src	HNRNPK	SRC	BIND;IntAct;HPRD;BioGRID	interacts-with
P61978	380	Y	('P12931',)	GRGSyGDLG	SRC	Proto-oncogene tyrosine-protein kinase Src	HNRNPK	SRC	BIND;IntAct;HPRD;BioGRID	interacts-with
P61978	234	Y	('P12931',)	YDETyDYGG	SRC	Proto-oncogene tyrosine-protein kinase Src	HNRNPK	SRC	BIND;IntAct;HPRD;BioGRID	interacts-with
P61978	236	Y	('P12931',)	ETYDyGGFT	SRC	Proto-oncogene tyrosine-protein kinase Src	HNRNPK	SRC	BIND;IntAct;HPRD;BioGRID	interacts-with
Q00613	121	S	('P49137',)	RKVTsVSTL	MAPKAPK2	MAP kinase-activated protein kinase 2	HSF1	MAPKAPK2	IntAct;HPRD;BioGRID	interacts-with
P04792	78	S	('P49137',)	SRALsRQLS	MAPKAPK2	MAP kinase-activated protein kinase 2	HSPB1	MAPKAPK2	BIND;IntAct;HPRD;BioGRID	interacts-with
P04792	15	S	('P49137',)	LRGPsWDPF	MAPKAPK2	MAP kinase-activated protein kinase 2	HSPB1	MAPKAPK2	BIND;IntAct;HPRD;BioGRID	interacts-with
P04792	82	S	('P49137',)	SRQLsSGVS	MAPKAPK2	MAP kinase-activated protein kinase 2	HSPB1	MAPKAPK2	BIND;IntAct;HPRD;BioGRID	interacts-with
P17181	481	Y	('P29597',)	SIDEyFSEQ	Tyk2	Non-receptor tyrosine-protein kinase TYK2	IFNAR1	TYK2	IntAct;DIP;HPRD;BioGRID	interacts-with
P17181	466	Y	('P29597',)	RCINyVFFP	Tyk2	Non-receptor tyrosine-protein kinase TYK2	IFNAR1	TYK2	IntAct;DIP;HPRD;BioGRID	interacts-with
P15260	457	Y	('P23458',)	TSFGyDKPH	JAK1	Janus protein-tyrosine kinase 1	IFNGR1	JAK1	IntAct;HPRD;BioGRID	interacts-with
Q14653	385	S	('Q9UHD2',)	VGGAsSLEN	TBK1	TANK-binding kinase 1	IRF3	TBK1	IntAct;HPRD;BioGRID	interacts-with
Q14653	386	S	('Q9UHD2',)	GGASsLENT	TBK1	TANK-binding kinase 1	IRF3	TBK1	IntAct;HPRD;BioGRID	interacts-with
P05412	73	S	('P45983',)	LKLAsPELE	MAPK8	mitogen-activated protein kinase 8 (JNK1)	JUN	MAPK8	BIND;Pathbank;IntAct;DIP;HPRD;BioGRID	interacts-with
P05412	63	S	('P45983',)	DLLTsPDVG	MAPK8	mitogen-activated protein kinase 8 (JNK1)	JUN	MAPK8	BIND;Pathbank;IntAct;DIP;HPRD;BioGRID	interacts-with
P05412	63	S	('P45984',)	DLLTsPDVG	MAPK9	mitogen-activated protein kinase 9 (JNK3	JUN	MAPK9	BIND;IntAct;DIP;HPRD;BioGRID	interacts-with
P05412	249	S	('P78527',)	IDMEsQERI	DNA-PK	DNA-dependent protein kinase catalytic subunit	JUN	PRKDC	IntAct;HPRD;BioGRID	interacts-with
P05412	73	S	('Q99986',)	LKLAsPELE	VRK1	vaccinia related kinase 1	JUN	VRK1	IntAct;BioGRID	interacts-with
P05412	63	S	('Q99986',)	DLLTsPDVG	VRK1	vaccinia related kinase 1	JUN	VRK1	IntAct;BioGRID	interacts-with
Q13094	376	S	('Q92918',)	PQSAsLPPY	MAP4K1	mitogen-activated protein kinase kinase kinase kinase 1 (HPK1)	LCP2	MAP4K1	IntAct;HPRD	interacts-with
Q13094	128	Y	('P43403',)	DDGDyESPN	ZAP70	Tyrosine-protein kinase ZAP-70	LCP2	ZAP70	IntAct;HPRD;BioGRID	interacts-with
Q13094	145	Y	('P43403',)	DDADyEPPP	ZAP70	Tyrosine-protein kinase ZAP-70	LCP2	ZAP70	IntAct;HPRD;BioGRID	interacts-with
Q13094	113	Y	('P43403',)	EEDDyESPN	ZAP70	Tyrosine-protein kinase ZAP-70	LCP2	ZAP70	IntAct;HPRD;BioGRID	interacts-with
P49917	650	T	('P78527',)	APNLtNVNK	DNA-PK	DNA-dependent protein kinase catalytic subunit	LIG4	PRKDC	IntAct;HPRD;BioGRID	interacts-with
Q9UQF2	103	T	('P45984',)	ATGDtPGAE	MAPK9	mitogen-activated protein kinase 9 (JNK3	MAPK8IP1	MAPK9	IntAct;HPRD;BioGRID	interacts-with
P15941	1229	Y	('P12931',)	DRSPyEKVS	SRC	Proto-oncogene tyrosine-protein kinase Src	MUC1	SRC	BIND;IntAct;HPRD;BioGRID	interacts-with
P35579	1800	T	('Q96QT4',)	EMEGtVKSK	Chak1	transient receptor potential cation channel, subfamily M, member 7	MYH9	TRPM7	IntAct	interacts-with
P35579	1803	S	('Q96QT4',)	GTVKsKYKA	Chak1	transient receptor potential cation channel, subfamily M, member 7	MYH9	TRPM7	IntAct	interacts-with
P35579	1808	S	('Q96QT4',)	KYKAsITAL	Chak1	transient receptor potential cation channel, subfamily M, member 7	MYH9	TRPM7	IntAct	interacts-with
P14598	320	S	('P17252',)	RKRLsQDAY	PKC_alpha	Protein kinase C, alpha type	NCF1	PRKCA	IntAct;HPRD;BioGRID	interacts-with
P14598	315	S	('P17252',)	IHQRsRKRL	PKC_alpha	Protein kinase C, alpha type	NCF1	PRKCA	IntAct;HPRD;BioGRID	interacts-with
P14598	370	S	('P17252',)	PPRPsADLI	PKC_alpha	Protein kinase C, alpha type	NCF1	PRKCA	IntAct;HPRD;BioGRID	interacts-with
P14598	328	S	('P17252',)	YRRNsVRFL	PKC_alpha	Protein kinase C, alpha type	NCF1	PRKCA	IntAct;HPRD;BioGRID	interacts-with
P14598	303	S	('P17252',)	PPRRsSIRN	PKC_alpha	Protein kinase C, alpha type	NCF1	PRKCA	IntAct;HPRD;BioGRID	interacts-with
P14598	359	S	('P17252',)	QTQRsKPQP	PKC_alpha	Protein kinase C, alpha type	NCF1	PRKCA	IntAct;HPRD;BioGRID	interacts-with
P14598	304	S	('P17252',)	PRRSsIRNA	PKC_alpha	Protein kinase C, alpha type	NCF1	PRKCA	IntAct;HPRD;BioGRID	interacts-with
P14598	348	S	('P17252',)	QSPGsPLEE	PKC_alpha	Protein kinase C, alpha type	NCF1	PRKCA	IntAct;HPRD;BioGRID	interacts-with
O14777	165	S	('P51955',)	PFALsKSSM	NEK2	Serine/threonine-protein kinase Nek2 (NimA-related protein kinase 2)	NDC80	NEK2	IntAct;HPRD;BioGRID	interacts-with
P25963	42	Y	('P12931',)	KDEEyEQMV	SRC	Proto-oncogene tyrosine-protein kinase Src	NFKBIA	SRC	IntAct;NetPath;HPRD;BioGRID	interacts-with
Q9Y2I6	686	S	('P53350',)	LHEKsQEVI	PLK1	Polo like kinase 1	NINL	PLK1	IntAct;BioGRID	interacts-with
Q9Y2I6	88	S	('P53350',)	DEDSsSLES	PLK1	Polo like kinase 1	NINL	PLK1	IntAct;BioGRID	interacts-with
Q9Y2I6	87	S	('P53350',)	SDEDsSSLE	PLK1	Polo like kinase 1	NINL	PLK1	IntAct;BioGRID	interacts-with
Q9Y2I6	161	T	('P53350',)	EAEStKEAQ	PLK1	Polo like kinase 1	NINL	PLK1	IntAct;BioGRID	interacts-with
P08559	300	S	('Q15118',)	DPGVsYRTR	PDHK1	pyruvate dehydrogenase kinase, isozyme 1	PDHA1	PDK1	IntAct;HPRD;BioGRID	interacts-with
P08559	293	S	('Q15118',)	YHGHsMSDP	PDHK1	pyruvate dehydrogenase kinase, isozyme 1	PDHA1	PDK1	IntAct;HPRD;BioGRID	interacts-with
P08559	300	S	('Q15119',)	DPGVsYRTR	PDHK2	pyruvate dehydrogenase kinase, isozyme 2	PDHA1	PDK2	IntAct;HPRD	interacts-with
P08559	293	S	('Q15119',)	YHGHsMSDP	PDHK2	pyruvate dehydrogenase kinase, isozyme 2	PDHA1	PDK2	IntAct;HPRD	interacts-with
P08559	300	S	('Q15120',)	DPGVsYRTR	PDHK3	pyruvate dehydrogenase kinase, isozyme 3	PDHA1	PDK3	BIND;IntAct;HPRD;BioGRID	interacts-with
P08559	293	S	('Q15120',)	YHGHsMSDP	PDHK3	pyruvate dehydrogenase kinase, isozyme 3	PDHA1	PDK3	BIND;IntAct;HPRD;BioGRID	interacts-with
P08559	300	S	('Q16654',)	DPGVsYRTR	PDHK4	pyruvate dehydrogenase kinase, isozyme 4	PDHA1	PDK4	IntAct;HPRD	interacts-with
P08559	293	S	('Q16654',)	YHGHsMSDP	PDHK4	pyruvate dehydrogenase kinase, isozyme 4	PDHA1	PDK4	IntAct;HPRD	interacts-with
P27986	607	Y	('P12931',)	TEDQySLVE	SRC	Proto-oncogene tyrosine-protein kinase Src	PIK3R1	SRC	IntAct;NetPath;DIP;HPRD;BioGRID	interacts-with
P19174	771	Y	('P43405',)	AEPDyGALY	SYK	Tyrosine-protein kinase SYK (Spleen tyrosine kinase).	PLCG1	SYK	Pathbank;IntAct;DIP;HPRD;BioGRID	interacts-with
P19174	783	Y	('P43405',)	NPGFyVEAN	SYK	Tyrosine-protein kinase SYK (Spleen tyrosine kinase).	PLCG1	SYK	Pathbank;IntAct;DIP;HPRD;BioGRID	interacts-with
P49023	40	Y	('P12931',)	GNHTyQEIA	SRC	Proto-oncogene tyrosine-protein kinase Src	PXN	SRC	IntAct;HPRD;BioGRID	interacts-with
P49023	88	Y	('P12931',)	SSPVyGSSA	SRC	Proto-oncogene tyrosine-protein kinase Src	PXN	SRC	IntAct;HPRD;BioGRID	interacts-with
Q13905	504	Y	('P12931',)	PSVPyAPFA	SRC	Proto-oncogene tyrosine-protein kinase Src	RAPGEF1	SRC	IntAct	interacts-with
Q04206	276	S	('O75582',)	LRRPsDREL	RSK-5	ribosomal protein S6 kinase, 90kDa, polypeptide 5 (MSK1)	RELA	RPS6KA5	IntAct;NetPath;HPRD;BioGRID	interacts-with
P62753	235	S	('P23443',)	RRRLsSLRA	p70S6K	ribosomal protein S6 kinase, 70kDa, polypeptide 1	RPS6	RPS6KB1	BIND;IntAct;BioGRID	interacts-with
P62753	236	S	('P23443',)	RRLSsLRAS	p70S6K	ribosomal protein S6 kinase, 70kDa, polypeptide 1	RPS6	RPS6KB1	BIND;IntAct;BioGRID	interacts-with
P10301	66	Y	('P12931',)	IEDSyTKIC	SRC	Proto-oncogene tyrosine-protein kinase Src	RRAS	SRC	IntAct	interacts-with
Q99961	315	Y	('P12931',)	CKALyDFEP	SRC	Proto-oncogene tyrosine-protein kinase Src	SH3GL1	SRC	IntAct	interacts-with
P29353	427	Y	('P43403',)	DDPSyVNVQ	ZAP70	Tyrosine-protein kinase ZAP-70	SHC1	ZAP70	BIND;IntAct;NetPath;HPRD;BioGRID	interacts-with
P29353	349	Y	('P43403',)	PDHQyYNDF	ZAP70	Tyrosine-protein kinase ZAP-70	SHC1	ZAP70	BIND;IntAct;NetPath;HPRD;BioGRID	interacts-with
P29353	350	Y	('P43403',)	DHQYyNDFP	ZAP70	Tyrosine-protein kinase ZAP-70	SHC1	ZAP70	BIND;IntAct;NetPath;HPRD;BioGRID	interacts-with
Q15796	464	S	('P36897',)	SVRCsSMS	TGFbR1	TGF-beta receptor type I	SMAD2	TGFBR1	BIND;IntAct;NetPath;BioGRID	interacts-with
Q15796	465	S	('P36897',)	VRCSsMS	TGFbR1	TGF-beta receptor type I	SMAD2	TGFBR1	BIND;IntAct;NetPath;BioGRID	interacts-with
Q15796	467	S	('P36897',)	CSSMs	TGFbR1	TGF-beta receptor type I	SMAD2	TGFBR1	BIND;IntAct;NetPath;BioGRID	interacts-with
Q13813	1176	Y	('P12931',)	QQEVyGMMP	SRC	Proto-oncogene tyrosine-protein kinase Src	SPTAN1	SRC	IntAct;HPRD	interacts-with
P04637	18	T	('Q99986',)	LSQEtFSDL	VRK1	vaccinia related kinase 1	TP53	VRK1	IntAct;HPRD;BioGRID	interacts-with
