SubstrateID	Position	Code	KinaseID	Peptide	PARTICIPANT_A	PARTICIPANT_B	INTERACTION_DATA_SOURCE	INTERACTION_TYPE
P10275	651	S	P27361	SSTTsPTEE	AR	MAPK3	MSigDB	controls-expression-of
P10275	516	S	P27361	VPYPsPTCV	AR	MAPK3	MSigDB	controls-expression-of
P16220	119	S	P51812	SRRPsYRKI	CREB1	RPS6KA3	MSigDB	controls-expression-of
Q01094	31	S	Q13315	LLDSsQIVI	E2F1	ATM	CTD;MSigDB	controls-expression-of
Q01094	332	S	P06493	ATIVsPPPS	E2F1	CDK1	pid;MSigDB;Reactome	controls-expression-of
Q01094	337	S	P06493	PPPSsPPSS	E2F1	CDK1	pid;MSigDB;Reactome	controls-expression-of
Q01094	337	S	O43318	PPPSsPPSS	E2F1	MAP3K7	MSigDB	controls-expression-of
Q01094	130	T	P17612	SRYEtSLNL	E2F1	PRKACA	MSigDB	controls-expression-of
Q01094	364	S	P17612	SRMGsLRAP	E2F1	PRKACA	MSigDB	controls-expression-of
Q01094	235	S	P17612	LRLLsEDTD	E2F1	PRKACA	MSigDB	controls-expression-of
P19419	389	S	Q16539	IAPRsPAKL	ELK1	MAPK14	MSigDB	controls-expression-of
P19419	383	S	Q16539	WSTLsPIAP	ELK1	MAPK14	MSigDB	controls-expression-of
P03372	219	Y	P00519	GHNDyMCPA	ESR1	ABL1	MSigDB	controls-expression-of
P03372	52	Y	P00519	KPAVyNYPE	ESR1	ABL1	MSigDB	controls-expression-of
P03372	104	S	Q9UBE8	LNSVsPSPL	ESR1	NLK	MSigDB	controls-expression-of
P03372	118	S	Q9UBE8	PPQLsPFLQ	ESR1	NLK	MSigDB	controls-expression-of
P03372	106	S	Q9UBE8	SVSPsPLML	ESR1	NLK	MSigDB	controls-expression-of
P03372	167	S	Q9UBE8	ERLAsTNDK	ESR1	NLK	MSigDB	controls-expression-of
P15036	310	S	Q9UQM7	QRVPsFESF	ETS2	CAMK2A	MSigDB	controls-expression-of
P15036	313	S	Q9UQM7	PSFEsFEDD	ETS2	CAMK2A	MSigDB	controls-expression-of
P15036	246	S	Q9UQM7	SRLSsVSVT	ETS2	CAMK2A	MSigDB	controls-expression-of
Q12778	212	S	Q13043	GWKNsIRHN	FOXO1	MST1	MSigDB	controls-expression-of
Q12778	218	S	Q13043	RHNLsLHSK	FOXO1	MST1	MSigDB	controls-expression-of
Q12778	235	S	Q13043	TGKSsWWML	FOXO1	MST1	MSigDB	controls-expression-of
Q12778	234	S	Q13043	GTGKsSWWM	FOXO1	MST1	MSigDB	controls-expression-of
P98177	451	T	P45983	KALGtPVLT	FOXO4	MAPK8	MSigDB	controls-expression-of
P98177	455	T	P45983	TPVLtPPTE	FOXO4	MAPK8	MSigDB	controls-expression-of
P98177	227	T	P45983	PEGAtPTSP	FOXO4	MAPK8	MSigDB	controls-expression-of
P98177	230	S	P45983	ATPTsPVGH	FOXO4	MAPK8	MSigDB	controls-expression-of
Q16665	455	T	P11309	SPLPtAETP	HIF1A	PIM1	MSigDB	controls-expression-of
P20823	249	S	Q13315	GVSPsQAQG	HNF1A	ATM	MSigDB	controls-expression-of
Q00613	230	S	P53355	SRQFsLEHV	HSF1	DAPK1	MSigDB	controls-expression-of
Q00613	307	S	Q16539	SPPQsPRVE	HSF1	MAPK14	MSigDB	controls-expression-of
Q00613	303	S	Q16539	EEPPsPPQS	HSF1	MAPK14	MSigDB	controls-expression-of
Q00613	326	S	Q16539	DTLLsPTAL	HSF1	MAPK14	MSigDB	controls-expression-of
P05412	73	S	P27361	LKLAsPELE	JUN	MAPK3	MSigDB	controls-expression-of
P05412	63	S	P27361	DLLTsPDVG	JUN	MAPK3	MSigDB	controls-expression-of
Q9UJU2	61	S	P68400	LVNEsEIIP	LEF1	CSNK2A1	MSigDB	controls-expression-of
Q9UJU2	42	S	P68400	FAEIsHPEE	LEF1	CSNK2A1	MSigDB	controls-expression-of
Q9UJU2	166	S	Q9UBE8	DEHFsPGSH	LEF1	NLK	MSigDB	controls-expression-of
Q9UJU2	132	S	Q9UBE8	NGSLsPPIP	LEF1	NLK	MSigDB	controls-expression-of
Q9UJU2	200	S	Q9UBE8	FYPLsPGGV	LEF1	NLK	MSigDB	controls-expression-of
Q9UJU2	265	T	Q9UBE8	PAIVtPQVK	LEF1	NLK	MSigDB	controls-expression-of
Q9UJU2	155	T	Q9UBE8	VHPLtPLIT	LEF1	NLK	MSigDB	controls-expression-of
O15525	124	S	P27361	TVARsPVAP	MAFG	MAPK3	MSigDB	controls-expression-of
P56270	72	T	P27361	APPPtPQAP	MAZ	MAPK3	MSigDB	controls-expression-of
P01106	62	S	P24941	TPPLsPSRR	MYC	CDK2	MSigDB	controls-expression-of
P01106	58	T	P49841	ELLPtPPLS	MYC	GSK3B	MSigDB	controls-expression-of
P01106	62	S	P49841	TPPLsPSRR	MYC	GSK3B	MSigDB	controls-expression-of
P04150	682	S	Q13188	DGLKsQELF	NR3C1	STK3	MSigDB	controls-expression-of
P04150	562	T	Q13188	RIMTtLNML	NR3C1	STK3	MSigDB	controls-expression-of
P04150	668	T	Q13188	LCMKtLLLL	NR3C1	STK3	MSigDB	controls-expression-of
P04150	746	S	Q13188	DKTMsIEFP	NR3C1	STK3	MSigDB	controls-expression-of
Q16656	259	T	Q13315	RVSWtQALR	NRF1	ATM	MSigDB	controls-expression-of
P06400	252	T	P06493	GSPRtPRRG	RB1	CDK1	MSigDB	controls-expression-of
P06400	249	S	P06493	PINGsPRTP	RB1	CDK1	MSigDB	controls-expression-of
P06400	373	T	P06493	IPPHtPVRT	RB1	CDK1	MSigDB	controls-expression-of
P06400	807	S	P06493	NIYIsPLKS	RB1	CDK1	MSigDB	controls-expression-of
P06400	811	S	P06493	SPLKsPYKI	RB1	CDK1	MSigDB	controls-expression-of
Q04206	276	S	O75676	LRRPsDREL	RELA	RPS6KA4	MSigDB	controls-expression-of
P22670	124	T	P49841	SPGStASQT	RFX1	GSK3B	MSigDB	controls-expression-of
P22670	120	S	P49841	VSEAsPGST	RFX1	GSK3B	MSigDB	controls-expression-of
P08047	101	S	Q13535	ATQLsQGAN	SP1	ATR	MSigDB	controls-expression-of
P08047	737	T	P06493	EGSGtATPS	SP1	CDK1	MSigDB	controls-expression-of
P08047	720	S	P06493	GVALsVGTL	SP1	CDK1	MSigDB	controls-expression-of
P08047	739	T	P06493	SGTAtPSAL	SP1	CDK1	MSigDB	controls-expression-of
P08047	723	T	P06493	LSVGtLPLD	SP1	CDK1	MSigDB	controls-expression-of
P08047	728	S	P49841	LPLDsGAGS	SP1	GSK3B	MSigDB	controls-expression-of
P08047	732	S	P49841	SGAGsEGSG	SP1	GSK3B	MSigDB	controls-expression-of
P08047	59	S	P41743	ESQPsPLAL	SP1	PRKCI	MSigDB	controls-expression-of
P36956	434	S	P49841	SDAGsPFQS	SREBF1	GSK3B	MSigDB	controls-expression-of
P36956	426	T	P49841	EDTLtPPPS	SREBF1	GSK3B	MSigDB	controls-expression-of
P36956	430	S	P49841	TPPPsDAGS	SREBF1	GSK3B	MSigDB	controls-expression-of
P11831	159	T	Q09013	LRRYtTFSK	SRF	DMPK	MSigDB	controls-expression-of
P11831	103	S	P49137	KRSLsEMEI	SRF	MAPKAPK2	MSigDB	controls-expression-of
P42224	701	Y	P52333	KGTGyIKTE	STAT1	JAK3	MSigDB	controls-expression-of
P42229	694	Y	P06239	AVDGyVKPQ	STAT5A	LCK	MSigDB	controls-expression-of
P15923	245	S	P24941	GGGSsPLPL	TCF3	CDK2	MSigDB	controls-expression-of
P15923	139	S	P24941	PGPLsPSGM	TCF3	CDK2	MSigDB	controls-expression-of
P15923	39	S	Q9P286	GRPAsLAGA	TCF3	PAK5	MSigDB	controls-expression-of
Q9NQB0	212	T	Q9UBE8	NEHFtPGNP	TCF4	NLK	MSigDB	controls-expression-of
Q9NQB0	201	T	Q9UBE8	VHPLtPLIT	TCF4	NLK	MSigDB	controls-expression-of
P04637	15	S	Q06187	EPPLsQETF	TP53	BTK	MSigDB	controls-expression-of
