SubstrateID	KinaseID	Code	Position	Peptide	Gene name	genesymbol_kinase	motif_score	context_score
Q93045	('P45983', 'A1L4K2', 'A0A3B3IRW7', 'C9J762', 'B5BUB8', 'C9JWQ4')	S	62	LKPPsPISE		MAPK8	0.51	0.986
Q93045	('P49841',)	S	62	LKPPsPISE		GSK3B	0.505	0.982
P16949	('Q9UQM7',)	S	16	EKRAsGQAF	CAMK2A			
P16949	('Q13554',)	S	16	EKRAsGQAF	CAMK2B			
P16949	('Q13555',)	S	16	EKRAsGQAF	CAMK2G			
P16949	('Q16566',)	S	16	EKRAsGQAF	CAMK4			
P16949	('Q13153',)	S	16	EKRAsGQAF	PAK1			
P16949	('P51812',)	S	16	EKRAsGQAF	RPS6KA3			
P16949	('P06493',)	S	25	ELILsPRSK	CDK1			
P16949	('P24941',)	S	25	ELILsPRSK	CDK2			
P16949	('P28482',)	S	25	ELILsPRSK	MAPK1			
P16949	('O15264',)	S	25	ELILsPRSK	MAPK13			
P16949	('P27361',)	S	25	ELILsPRSK	MAPK3			
P16949	('P05771',)	S	25	ELILsPRSK	PRKCB			
P16949	('P06493',)	S	38	EFPLsPPKK	CDK1			
P16949	('P24941',)	S	38	EFPLsPPKK	CDK2			
P16949	('P28482',)	S	38	EFPLsPPKK	MAPK1			
P16949	('O15264',)	S	38	EFPLsPPKK	MAPK13			
P16949	('P27361',)	S	38	EFPLsPPKK	MAPK3			
P16949	('Q13153',)	S	38	EFPLsPPKK	PAK1			
P16949	('P05771',)	S	38	EFPLsPPKK	PRKCB			
P16949	('Q8TAS1',)	S	38	EFPLsPPKK	UHMK1			
Q93045	('O96013',)	S	50	NKRAsGQAF	PAK4			
