SubstrateID	KinaseID	Code	Position_x	Peptide	Position_y	motif_score	context_score	KinaseID_x	genesymbol_kinase	Gene name	Official Symbol Interactor A	Official Symbol Interactor B
P56945	P12931	Y	653	PDGQyENSE	653	0.525	0.998	('P12931', 'Q71UK5', 'A0A8I5KYU4')	SRC	SRC	BCAR1	SRC
P38398	P31749	T	509	KRRPtSGLH	509	0.769	0.996	('P31749',)	AKT1	AKT1	BRCA1	AKT1
P38398	Q13315	S	1457	AVLTsQKSS	1457	0.668	0.999	('Q13315',)	ATM	ATM	BRCA1	ATM
P38398	Q13315	S	1387	SGLSsQSDI	1387	0.651	0.999	('Q13315',)	ATM	ATM	BRCA1	ATM
P38398	Q13315	S	1423	EQHGsQPSN	1423	0.64	0.999	('Q13315',)	ATM	ATM	BRCA1	ATM
P38398	Q13315	S	1524	RNYPsQEEL	1524	0.63	0.999	('Q13315',)	ATM	ATM	BRCA1	ATM
Q9BXW9	Q13315	S	222	ILGDsQHAD	222	0.68	0.999	('Q13315',)	ATM	ATM	FANCD2	ATM
Q9BXW9	Q13315	S	1257	TAADsQQIH	1257	0.653	0.999	('Q13315',)	ATM	ATM	FANCD2	ATM
P49959	Q13315	S	264	LFYIsQPGS	264	0.576	0.999	('Q13315',)	ATM	ATM	MRE11A	ATM
O60934	Q13315	S	397	FRMLsQDAP	397	0.687	0.999	('Q13315',)	ATM	ATM	NBN	ATM
O60934	Q13315	S	343	GPSLsQGVS	343	0.665	0.999	('Q13315',)	ATM	ATM	NBN	ATM
O60934	Q13315	S	278	GITNsQTLI	278	0.661	0.999	('Q13315',)	ATM	ATM	NBN	ATM
Q92878	Q13315	S	635	DVCGsQDFE	635	0.536	0.999	('Q13315',)	ATM	ATM	RAD50	ATM
P38936	P24941	S	129	QAEGsPGGP	130	0.623	0.999	('P24941',)	CDK2	CDK2	CDKN1A	CDK2
P24864	P24941	T	395	SGLLtPPQS	395	0.703	0.999	('P24941',)	CDK2	CDK2	CCNE1	CDK2
P15927	P78527	S	33	SPAPsQAEK	33	0.625	0.996	('P78527',)	PRKDC	PRKDC	RPA2	PRKDC
P54274	Q13315	S	219	LMIIsQKDT	219	0.665	0.999	('Q13315',)	ATM	ATM	TERF1	ATM
P35568	P08069	Y	662	DPNGyMMMS	662	0.51	0.999	('P08069', 'C9J5X1', 'H0YMJ5', 'H0YNR0', 'H3BSZ8', 'Q3B833')	IGF1R	IGF1R	IRS1	IGF1R
Q99741	P24941	S	74	LPPCsPPKQ	74	0.657	0.997	('P24941',)	CDK2	CDK2	CDC6	CDK2
Q99741	P24941	S	54	ALPLsPRKR	54	0.586	0.997	('P24941',)	CDK2	CDK2	CDC6	CDK2
P49815	P31749	T	1462	PRGYtISDS	1462	0.682	0.998	('P31749',)	AKT1	AKT1	TSC2	AKT1
P49815	P31749	S	939	ARSTsLNER	939	0.616	0.998	('P31749',)	AKT1	AKT1	TSC2	AKT1
P46527	P31749	T	157	KRPAtDDSS	157	0.815	0.995	('P31749',)	AKT1	AKT1	CDKN1B	AKT1
Q15750	Q16539	S	438	LTNQsPTLT	438	0.547	0.99	('Q16539',)	MAPK14	MAPK14	TAB1	MAPK14
P38398	P06493	S	1497	VERSsPSKC	1497	0.569	0.998	('P06493', 'A0A024QZJ8', 'A0A024QZP7', 'I6L9I5')	CDC2	CDK1	BRCA1	CDK1
Q13415	P24941	S	273	SEITsPSKR	273	0.672	0.995	('P24941',)	CDK2	CDK2	ORC1	CDK2
Q13415	P24941	T	375	EATStPHRI	375	0.575	0.995	('P24941',)	CDK2	CDK2	ORC1	CDK2
Q08999	P24941	T	417	SPCVtPVST	417	0.66	0.997	('P24941',)	CDK2	CDK2	RBL2	CDK2
Q08999	P24941	S	662	RSITsPTTL	662	0.624	0.997	('P24941',)	CDK2	CDK2	RBL2	CDK2
Q08999	P24941	T	694	SDGGtPGRM	694	0.612	0.997	('P24941',)	CDK2	CDK2	RBL2	CDK2
Q08999	P24941	S	952	SHQNsPTEL	952	0.577	0.997	('P24941',)	CDK2	CDK2	RBL2	CDK2
Q08999	P24941	S	1044	VRTGsPRRI	1044	0.576	0.997	('P24941',)	CDK2	CDK2	RBL2	CDK2
Q08999	P24941	S	639	CIAGsPLTP	639	0.556	0.997	('P24941',)	CDK2	CDK2	RBL2	CDK2
Q08999	P24941	S	1112	DGSEsPAKR	1112	0.534	0.997	('P24941',)	CDK2	CDK2	RBL2	CDK2
Q08999	P24941	T	1097	RTGEtPTKK	1097	0.525	0.997	('P24941',)	CDK2	CDK2	RBL2	CDK2
Q08999	P24941	S	1080	YFSNsPSKR	1080	0.511	0.997	('P24941',)	CDK2	CDK2	RBL2	CDK2
P18031	P06213	Y	153	IKSYyTVRQ	153	0.569	0.999	('P06213',)	INSR	INSR	PTPN1	INSR
P18031	P06213	Y	152	DIKSyYTVR	152	0.56	0.999	('P06213',)	INSR	INSR	PTPN1	INSR
P38936	P45983	S	129	QAEGsPGGP	130	0.557	0.998	('P45983', 'A1L4K2', 'A0A3B3IRW7', 'C9J762', 'B5BUB8', 'C9JWQ4')	MAPK8	MAPK8	CDKN1A	MAPK8
Q00987	P31749	S	186	KRHKsDSIS	186	0.847	0.996	('P31749',)	AKT1	AKT1	MDM2	AKT1
Q00987	P31749	S	166	RRAIsETEE	166	0.822	0.996	('P31749',)	AKT1	AKT1	MDM2	AKT1
P16104	P78527	S	139	ATQAsQEY	139	0.635	0.995	('P78527',)	PRKDC	PRKDC	H2AFX	PRKDC
P16104	Q13315	S	139	ATQAsQEY	140	0.671	0.999	('Q13315',)	ATM	ATM	H2AFX	ATM
Q13426	P78527	S	320	AENMsLETL	320	0.584	0.988	('P78527',)	PRKDC	PRKDC	XRCC4	PRKDC
Q13426	P78527	S	260	SIISsLDVT	260	0.578	0.988	('P78527',)	PRKDC	PRKDC	XRCC4	PRKDC
Q13426	P78527	S	304	RPDSsLPET	304	0.578	0.988	('P78527',)	PRKDC	PRKDC	XRCC4	PRKDC
P22681	P12931	Y	774	EDDGyDVPK	774	0.545	0.999	('P12931', 'Q71UK5', 'A0A8I5KYU4')	SRC	SRC	CBL	SRC
P01106	P24941	S	62	TPPLsPSRR	62	0.648	0.997	('P24941',)	CDK2	CDK2	MYC	CDK2
P22681	P06241	Y	700	EDTEyMTPS	700	0.539	0.999	('P06241', 'E5RFS5', 'E5RH71', 'E5RIX5', 'P78484', 'E5RFM0', 'E5RHF7', 'E5RHX7', 'E5RFM4', 'E5RFM6', 'E5RGM6', 'E5RGT0', 'E5RI25', 'E5RK23', 'E5RJX7', 'Q14342')	FYN	FYN	CBL	FYN
P22681	P06239	Y	731	DSCTyEAMY	731	0.59	0.999	('P06239',)	LCK	LCK	CBL	LCK
Q09472	P31749	S	1834	RRMAsMQRT	1834	0.763	0.996	('P31749',)	AKT1	AKT1	EP300	AKT1
Q99708	Q13315	S	664	GADLsQYKM	664	0.652	0.997	('Q13315',)	ATM	ATM	RBBP8	ATM
Q99708	Q13315	S	745	ADSFsQAAD	745	0.615	0.997	('Q13315',)	ATM	ATM	RBBP8	ATM
P10636	P49841	S	551	TPPKsPSSA	552	0.546	0.993	('P49841',)	GSK3B	GSK3B	MAPT	GSK3B
P10636	P49841	T	547	AVVRtPPKS	548	0.541	0.993	('P49841',)	GSK3B	GSK3B	MAPT	GSK3B
P10636	P49841	S	712	IVYKsPVVS	713	0.526	0.993	('P49841',)	GSK3B	GSK3B	MAPT	GSK3B
P10636	P49841	S	720	SGDTsPRHL	721	0.526	0.993	('P49841',)	GSK3B	GSK3B	MAPT	GSK3B
P46108	P00519	Y	221	EPGPyAQPS	221	0.638	0.998	('P00519', 'A0A024R8E2', 'Q13689', 'Q13688', 'Q13691', 'Q3B836', 'Q13914', 'Q13915', 'Q3B837', 'R4GRW0', 'Q86Y36', 'A2RQD5', 'A2RQD6', 'A8E194', 'A2RQD3', 'A2RQD4', 'E7E8T7', 'A0A0U4EGU4', 'Q8NF93', 'A2RQD7')	ABL1	ABL1	CRK	ABL1
P04637	P48730	T	18	LSQEtFSDL	18	0.578	0.979	('P48730',)	CSNK1D	CSNK1D	TP53	CSNK1D
P07900	P78527	T	6	EETQtQDQP	7	0.608	0.996	('P78527',)	PRKDC	PRKDC	HSP90AA1	PRKDC
P10275	P31749	S	213	AREAsGAPT	215	0.84	0.995	('P31749',)	AKT1	AKT1	AR	AKT1
P06400	Q16539	T	252	GSPRtPRRG	252	0.552	0.992	('Q16539',)	MAPK14	MAPK14	RB1	MAPK14
P06400	Q16539	S	249	PINGsPRTP	249	0.531	0.992	('Q16539',)	MAPK14	MAPK14	RB1	MAPK14
P30305	P06493	S	160	LLGHsPVLR	160	0.505	0.999	('P06493', 'A0A024QZJ8', 'A0A024QZP7', 'I6L9I5')	CDC2	CDK1	CDC25B	CDK1
P20936	P00533	Y	460	GKEIyNTIR	460	0.51	0.996	('P00533',)	EGFR	EGFR	RASA1	EGFR
O14746	P31749	S	824	IRGKsYVQC	824	0.815	0.994	('P31749',)	AKT1	AKT1	TERT	AKT1
O14746	P31749	S	227	RRGGsASRS	227	0.728	0.994	('P31749',)	AKT1	AKT1	TERT	AKT1
P25054	P49674	S	1279	SSLSsLSSA	1279	0.526	0.983	('P49674', 'Q5U045', 'H7C3J2', 'L8EC90', 'A0A669KBC0', 'B0QY35', 'H0Y5S9', 'H0Y645', 'H0Y682', 'B0QY34', 'B0QY36', 'H7C0Y5')	CSNK1E	CSNK1E	APC	CSNK1E
P24864	P49841	T	395	SGLLtPPQS	395	0.526	0.993	('P49841',)	GSK3B	GSK3B	CCNE1	GSK3B
P47712	P28482	S	505	SYPLsPLSD	505	0.611	0.976	('P28482',)	MAPK1	MAPK1	PLA2G4A	MAPK1
O43521	P28482	S	69	APPAsPGPF	69	0.592	0.997	('P28482',)	MAPK1	MAPK1	BCL2L11	MAPK1
Q9Y6K9	P49841	S	31	LGEEsPLGK	31	0.505	0.991	('P49841',)	GSK3B	GSK3B	IKBKG	GSK3B
Q13671	P00519	Y	36	QDPLyDVPN	36	0.588	0.999	('P00519', 'A0A024R8E2', 'Q13689', 'Q13688', 'Q13691', 'Q3B836', 'Q13914', 'Q13915', 'Q3B837', 'R4GRW0', 'Q86Y36', 'A2RQD5', 'A2RQD6', 'A8E194', 'A2RQD3', 'A2RQD4', 'E7E8T7', 'A0A0U4EGU4', 'Q8NF93', 'A2RQD7')	ABL1	ABL1	RIN1	ABL1
P29353	P12931	Y	427	DDPSyVNVQ	427	0.545	0.998	('P12931', 'Q71UK5', 'A0A8I5KYU4')	SRC	SRC	SHC1	SRC
P04637	P78527	S	15	EPPLsQETF	15	0.625	0.997	('P78527',)	PRKDC	PRKDC	TP53	PRKDC
P04637	P78527	S	37	SPLPsQAMD	37	0.599	0.997	('P78527',)	PRKDC	PRKDC	TP53	PRKDC
P28749	P24941	S	988	SIYIsPHKN	988	0.591	0.999	('P24941',)	CDK2	CDK2	RBL1	CDK2
P28749	P24941	S	650	ERYSsPTAG	650	0.585	0.999	('P24941',)	CDK2	CDK2	RBL1	CDK2
P28749	P24941	T	997	GSGLtPRSA	997	0.534	0.999	('P24941',)	CDK2	CDK2	RBL1	CDK2
P15927	P24941	S	23	GYTQsPGGF	23	0.638	0.997	('P24941',)	CDK2	CDK2	RPA2	CDK2
P04637	Q13315	S	46	DLMLsPDDI	46	0.598	0.999	('Q13315',)	ATM	ATM	TP53	ATM
P04637	Q13315	S	20	QETFsDLWK	20	0.508	0.999	('Q13315',)	ATM	ATM	TP53	ATM
P29350	P07948	Y	564	KEDVyENLH	564	0.52	0.997	('P07948', 'E5RJ37', 'Q6NUK7')	LYN	LYN	PTPN6	LYN
Q12888	Q13315	S	6	DPTGsQLDS	6	0.61	0.998	('Q13315',)	ATM	ATM	TP53BP1	ATM
Q12888	Q13315	S	25	IIEDsQPES	25	0.585	0.998	('Q13315',)	ATM	ATM	TP53BP1	ATM
Q12888	Q13315	S	29	SQPEsQVLE	29	0.557	0.998	('Q13315',)	ATM	ATM	TP53BP1	ATM
P30304	P06493	S	18	LFACsPPPA	18	0.521	0.999	('P06493', 'A0A024QZJ8', 'A0A024QZP7', 'I6L9I5')	CDC2	CDK1	CDC25A	CDK1
Q00613	P49841	S	303	EEPPsPPQS	303	0.551	0.992	('P49841',)	GSK3B	GSK3B	HSF1	GSK3B
P18858	P24941	S	76	DEALsPAKG	76	0.526	0.998	('P24941',)	CDK2	CDK2	LIG1	CDK2
P35568	P08069	Y	662	DPNGyMMMS	662	0.51	0.999	('P08069', 'C9J5X1', 'H0YMJ5', 'H0YNR0', 'H3BSZ8', 'Q3B833')	IGF1R	IGF1R	IGF1R	IRS1
Q99708	Q13315	S	664	GADLsQYKM	664	0.652	0.997	('Q13315',)	ATM	ATM	ATM	RBBP8
Q99708	Q13315	S	745	ADSFsQAAD	745	0.615	0.997	('Q13315',)	ATM	ATM	ATM	RBBP8
P10275	P31749	S	213	AREAsGAPT	215	0.84	0.995	('P31749',)	AKT1	AKT1	AKT1	AR
Q9BXW9	Q13315	S	222	ILGDsQHAD	222	0.68	0.999	('Q13315',)	ATM	ATM	ATM	FANCD2
Q9BXW9	Q13315	S	1257	TAADsQQIH	1257	0.653	0.999	('Q13315',)	ATM	ATM	ATM	FANCD2
Q14683	Q13315	S	966	SVSGsQRIS	966	0.673	0.999	('Q13315',)	ATM	ATM	ATM	SMC1A
Q14683	Q13315	S	957	EEGSsQGED	957	0.66	0.999	('Q13315',)	ATM	ATM	ATM	SMC1A
P04637	Q13315	S	46	DLMLsPDDI	46	0.598	0.999	('Q13315',)	ATM	ATM	ATM	TP53
P04637	Q13315	S	20	QETFsDLWK	20	0.508	0.999	('Q13315',)	ATM	ATM	ATM	TP53
P56945	P12931	Y	653	PDGQyENSE	653	0.525	0.998	('P12931', 'Q71UK5', 'A0A8I5KYU4')	SRC	SRC	SRC	BCAR1
P38398	Q13315	S	1457	AVLTsQKSS	1457	0.668	0.999	('Q13315',)	ATM	ATM	ATM	BRCA1
P38398	Q13315	S	1387	SGLSsQSDI	1387	0.651	0.999	('Q13315',)	ATM	ATM	ATM	BRCA1
P38398	Q13315	S	1423	EQHGsQPSN	1423	0.64	0.999	('Q13315',)	ATM	ATM	ATM	BRCA1
P38398	Q13315	S	1524	RNYPsQEEL	1524	0.63	0.999	('Q13315',)	ATM	ATM	ATM	BRCA1
Q13541	Q13315	S	111	GGEEsQFEM	112	0.619	0.996	('Q13315',)	ATM	ATM	ATM	EIF4EBP1
P49917	Q13315	S	199	KLGVsQQTI	199	0.624	0.986	('Q13315',)	ATM	ATM	ATM	LIG4
P49959	Q13315	S	264	LFYIsQPGS	264	0.576	0.999	('Q13315',)	ATM	ATM	ATM	MRE11A
O60934	Q13315	S	397	FRMLsQDAP	397	0.687	0.999	('Q13315',)	ATM	ATM	ATM	NBN
O60934	Q13315	S	343	GPSLsQGVS	343	0.665	0.999	('Q13315',)	ATM	ATM	ATM	NBN
O60934	Q13315	S	278	GITNsQTLI	278	0.661	0.999	('Q13315',)	ATM	ATM	ATM	NBN
O75943	Q13315	S	656	ELPAsQPQP	656	0.592	0.996	('Q13315',)	ATM	ATM	ATM	RAD17
O75943	Q13315	S	646	SLPLsQNSA	646	0.556	0.996	('Q13315',)	ATM	ATM	ATM	RAD17
P04637	P78527	S	15	EPPLsQETF	15	0.625	0.997	('P78527',)	PRKDC	PRKDC	PRKDC	TP53
P04637	P78527	S	37	SPLPsQAMD	37	0.599	0.997	('P78527',)	PRKDC	PRKDC	PRKDC	TP53
Q14191	Q13315	S	1141	AYSSsQPVI	1141	0.678	0.998	('Q13315',)	ATM	ATM	ATM	WRN
Q14191	Q13315	S	1292	GMHLsQAVK	1292	0.628	0.998	('Q13315',)	ATM	ATM	ATM	WRN
Q12888	Q13315	S	6	DPTGsQLDS	6	0.61	0.998	('Q13315',)	ATM	ATM	ATM	TP53BP1
Q12888	Q13315	S	25	IIEDsQPES	25	0.585	0.998	('Q13315',)	ATM	ATM	ATM	TP53BP1
Q12888	Q13315	S	29	SQPEsQVLE	29	0.557	0.998	('Q13315',)	ATM	ATM	ATM	TP53BP1
P24864	P49841	T	395	SGLLtPPQS	395	0.526	0.993	('P49841',)	GSK3B	GSK3B	GSK3B	CCNE1
P06400	P24941	T	252	GSPRtPRRG	252	0.633	0.998	('P24941',)	CDK2	CDK2	CDK2	RB1
P06400	P24941	T	373	IPPHtPVRT	373	0.591	0.998	('P24941',)	CDK2	CDK2	CDK2	RB1
P06400	P24941	S	249	PINGsPRTP	249	0.585	0.998	('P24941',)	CDK2	CDK2	CDK2	RB1
P06400	P24941	S	811	SPLKsPYKI	811	0.583	0.998	('P24941',)	CDK2	CDK2	CDK2	RB1
P06400	P24941	S	807	NIYIsPLKS	807	0.523	0.998	('P24941',)	CDK2	CDK2	CDK2	RB1
Q08999	P24941	T	417	SPCVtPVST	417	0.66	0.997	('P24941',)	CDK2	CDK2	CDK2	RBL2
Q08999	P24941	S	662	RSITsPTTL	662	0.624	0.997	('P24941',)	CDK2	CDK2	CDK2	RBL2
Q08999	P24941	T	694	SDGGtPGRM	694	0.612	0.997	('P24941',)	CDK2	CDK2	CDK2	RBL2
Q08999	P24941	S	952	SHQNsPTEL	952	0.577	0.997	('P24941',)	CDK2	CDK2	CDK2	RBL2
Q08999	P24941	S	1044	VRTGsPRRI	1044	0.576	0.997	('P24941',)	CDK2	CDK2	CDK2	RBL2
Q08999	P24941	S	639	CIAGsPLTP	639	0.556	0.997	('P24941',)	CDK2	CDK2	CDK2	RBL2
Q08999	P24941	S	1112	DGSEsPAKR	1112	0.534	0.997	('P24941',)	CDK2	CDK2	CDK2	RBL2
Q08999	P24941	T	1097	RTGEtPTKK	1097	0.525	0.997	('P24941',)	CDK2	CDK2	CDK2	RBL2
Q08999	P24941	S	1080	YFSNsPSKR	1080	0.511	0.997	('P24941',)	CDK2	CDK2	CDK2	RBL2
P28749	P24941	S	988	SIYIsPHKN	988	0.591	0.999	('P24941',)	CDK2	CDK2	CDK2	RBL1
P28749	P24941	S	650	ERYSsPTAG	650	0.585	0.999	('P24941',)	CDK2	CDK2	CDK2	RBL1
P28749	P24941	T	997	GSGLtPRSA	997	0.534	0.999	('P24941',)	CDK2	CDK2	CDK2	RBL1
P15927	P78527	S	33	SPAPsQAEK	33	0.625	0.996	('P78527',)	PRKDC	PRKDC	PRKDC	RPA2
P29350	P07948	Y	564	KEDVyENLH	564	0.52	0.997	('P07948', 'E5RJ37', 'Q6NUK7')	LYN	LYN	LYN	PTPN6
P38936	P24941	S	129	QAEGsPGGP	130	0.623	0.999	('P24941',)	CDK2	CDK2	CDK2	CDKN1A
P22681	P06239	Y	731	DSCTyEAMY	731	0.59	0.999	('P06239',)	LCK	LCK	LCK	CBL
P54274	Q13315	S	219	LMIIsQKDT	219	0.665	0.999	('Q13315',)	ATM	ATM	ATM	TERF1
Q02078	Q16539	S	453	EMGRsPVDS	453	0.546	0.987	('Q16539',)	MAPK14	MAPK14	MAPK14	MEF2A
O14746	P31749	S	824	IRGKsYVQC	824	0.815	0.994	('P31749',)	AKT1	AKT1	AKT1	TERT
O14746	P31749	S	227	RRGGsASRS	227	0.728	0.994	('P31749',)	AKT1	AKT1	AKT1	TERT
P49023	P12931	Y	88	SSPVyGSSA	88	0.545	0.998	('P12931', 'Q71UK5', 'A0A8I5KYU4')	SRC	SRC	SRC	PXN
P22681	P06241	Y	700	EDTEyMTPS	700	0.539	0.999	('P06241', 'E5RFS5', 'E5RH71', 'E5RIX5', 'P78484', 'E5RFM0', 'E5RHF7', 'E5RHX7', 'E5RFM4', 'E5RFM6', 'E5RGM6', 'E5RGT0', 'E5RI25', 'E5RK23', 'E5RJX7', 'Q14342')	FYN	FYN	FYN	CBL
P46527	P31749	T	157	KRPAtDDSS	157	0.815	0.995	('P31749',)	AKT1	AKT1	AKT1	CDKN1B
P22736	P31749	S	351	GRLPsKPKQ	351	0.854	0.984	('P31749',)	AKT1	AKT1	AKT1	NR4A1
P20936	P00533	Y	460	GKEIyNTIR	460	0.51	0.996	('P00533',)	EGFR	EGFR	EGFR	RASA1
P17676	P28482	T	235	SPPGtPSPA	235	0.619	0.985	('P28482',)	MAPK1	MAPK1	MAPK1	CEBPB
P14317	P07948	Y	378	PENDyEDVE	378	0.555	0.904	('P07948', 'E5RJ37', 'Q6NUK7')	LYN	LYN	LYN	HCLS1
P10244	P24941	S	577	GLRRsPIKK	577	0.617	0.998	('P24941',)	CDK2	CDK2	CDK2	MYBL2
P10244	P24941	T	444	TPKStPVKT	444	0.566	0.998	('P24941',)	CDK2	CDK2	CDK2	MYBL2
P10244	P24941	T	494	HRDKtPLHQ	494	0.544	0.998	('P24941',)	CDK2	CDK2	CDK2	MYBL2
P35638	Q16539	S	82	QSPHsPDSS	82	0.566	0.991	('Q16539',)	MAPK14	MAPK14	MAPK14	DDIT3
Q13415	P24941	S	273	SEITsPSKR	273	0.672	0.995	('P24941',)	CDK2	CDK2	CDK2	ORC1
Q13415	P24941	T	375	EATStPHRI	375	0.575	0.995	('P24941',)	CDK2	CDK2	CDK2	ORC1
P24864	P24941	T	395	SGLLtPPQS	395	0.703	0.999	('P24941',)	CDK2	CDK2	CDK2	CCNE1
P27816	P06493	S	696	ELPPsPEKK	696	0.526	0.984	('P06493', 'A0A024QZJ8', 'A0A024QZP7', 'I6L9I5')	CDC2	CDK1	CDK1	MAP4
P27816	P06493	S	787	EKRAsPSKP	787	0.515	0.984	('P06493', 'A0A024QZJ8', 'A0A024QZP7', 'I6L9I5')	CDC2	CDK1	CDK1	MAP4
P38398	P31749	T	509	KRRPtSGLH	509	0.769	0.996	('P31749',)	AKT1	AKT1	AKT1	BRCA1
P49459	P24941	S	120	PNPNsPANS	120	0.607	0.973	('P24941',)	CDK2	CDK2	CDK2	UBE2A
P38936	P45983	S	129	QAEGsPGGP	130	0.557	0.998	('P45983', 'A1L4K2', 'A0A3B3IRW7', 'C9J762', 'B5BUB8', 'C9JWQ4')	MAPK8	MAPK8	MAPK8	CDKN1A
P16104	P78527	S	139	ATQAsQEY	139	0.635	0.995	('P78527',)	PRKDC	PRKDC	PRKDC	H2AFX
Q12778	P31749	S	256	RRAAsMDNN	256	0.873	0.998	('P31749',)	AKT1	AKT1	AKT1	FOXO1
Q12778	P31749	S	319	PRTSsNAST	319	0.851	0.998	('P31749',)	AKT1	AKT1	AKT1	FOXO1
Q12778	P31749	T	24	PRSCtWPLP	24	0.744	0.998	('P31749',)	AKT1	AKT1	AKT1	FOXO1
P16104	Q13315	S	139	ATQAsQEY	140	0.671	0.999	('Q13315',)	ATM	ATM	ATM	H2AFX
Q09472	P31749	S	1834	RRMAsMQRT	1834	0.763	0.996	('P31749',)	AKT1	AKT1	AKT1	EP300
Q00987	P31749	S	186	KRHKsDSIS	186	0.847	0.996	('P31749',)	AKT1	AKT1	AKT1	MDM2
Q00987	P31749	S	166	RRAIsETEE	166	0.822	0.996	('P31749',)	AKT1	AKT1	AKT1	MDM2
Q01094	Q13315	S	31	LLDSsQIVI	31	0.671	0.997	('Q13315',)	ATM	ATM	ATM	E2F1
P03372	P31749	S	167	ERLAsTNDK	167	0.807	0.996	('P31749',)	AKT1	AKT1	AKT1	ESR1
P03372	P51812	S	167	ERLAsTNDK	167	0.551	0.991	('P51812', 'B4DG22', 'B1AXG1', 'B7ZB17', 'A0A2R8YGB7', 'Q8TDJ4', 'A0A2R8Y7S9', 'B1AXG2', 'Q7Z2E2', 'Q7Z2J3', 'Q7Z2J4', 'A0A2R8Y603')	RPS6KA3	RPS6KA3	RPS6KA3	ESR1
P17480	P28482	T	117	KKPLtPYFR	117	0.55	0.98	('P28482',)	MAPK1	MAPK1	MAPK1	UBTF
P05787	P45983	S	431	GGLTsPGLS	432	0.571	0.998	('P45983', 'A1L4K2', 'A0A3B3IRW7', 'C9J762', 'B5BUB8', 'C9JWQ4')	MAPK8	MAPK8	MAPK8	KRT8
P10636	P49841	S	551	TPPKsPSSA	552	0.546	0.993	('P49841',)	GSK3B	GSK3B	GSK3B	MAPT
P10636	P49841	T	547	AVVRtPPKS	548	0.541	0.993	('P49841',)	GSK3B	GSK3B	GSK3B	MAPT
P10636	P49841	S	712	IVYKsPVVS	713	0.526	0.993	('P49841',)	GSK3B	GSK3B	GSK3B	MAPT
P10636	P49841	S	720	SGDTsPRHL	721	0.526	0.993	('P49841',)	GSK3B	GSK3B	GSK3B	MAPT
Q92993	P06493	S	90	SRPGsPERE	90	0.69	0.993	('P06493', 'A0A024QZJ8', 'A0A024QZP7', 'I6L9I5')	CDC2	CDK1	CDK1	KAT5
Q9Y6Q9	P45983	S	867	SVGSsPPVK	867	0.541	0.992	('P45983', 'A1L4K2', 'A0A3B3IRW7', 'C9J762', 'B5BUB8', 'C9JWQ4')	MAPK8	MAPK8	MAPK8	NCOA3
P49736	P24941	S	27	PLTSsPGRS	27	0.708	0.995	('P24941',)	CDK2	CDK2	CDK2	MCM2
P49736	P24941	S	41	ALTSsPGRD	41	0.557	0.995	('P24941',)	CDK2	CDK2	CDK2	MCM2
P22681	P12931	Y	774	EDDGyDVPK	774	0.545	0.999	('P12931', 'Q71UK5', 'A0A8I5KYU4')	SRC	SRC	SRC	CBL
P06400	Q16539	T	252	GSPRtPRRG	252	0.552	0.992	('Q16539',)	MAPK14	MAPK14	MAPK14	RB1
P06400	Q16539	S	249	PINGsPRTP	249	0.531	0.992	('Q16539',)	MAPK14	MAPK14	MAPK14	RB1
P25963	P51812	S	32	DRHDsGLDS	32	0.561	0.99	('P51812', 'B4DG22', 'B1AXG1', 'B7ZB17', 'A0A2R8YGB7', 'Q8TDJ4', 'A0A2R8Y7S9', 'B1AXG2', 'Q7Z2E2', 'Q7Z2J3', 'Q7Z2J4', 'A0A2R8Y603')	RPS6KA3	RPS6KA3	RPS6KA3	NFKBIA
P04637	P48730	T	18	LSQEtFSDL	18	0.578	0.979	('P48730',)	CSNK1D	CSNK1D	CSNK1D	TP53
P62753	P23443	S	235	RRRLsSLRA	235	0.541	0.994	('P23443',)	RPS6KB1	RPS6KB1	RPS6KB1	RPS6
P62753	P23443	S	236	RRLSsLRAS	236	0.531	0.994	('P23443',)	RPS6KB1	RPS6KB1	RPS6KB1	RPS6
P13807	P49841	S	645	SVPPsPSLS	645	0.551	0.98	('P49841',)	GSK3B	GSK3B	GSK3B	GYS1
P13807	P49841	S	649	SPSLsRHSS	649	0.505	0.98	('P49841',)	GSK3B	GSK3B	GSK3B	GYS1
P46108	P00519	Y	221	EPGPyAQPS	221	0.638	0.998	('P00519', 'A0A024R8E2', 'Q13689', 'Q13688', 'Q13691', 'Q3B836', 'Q13914', 'Q13915', 'Q3B837', 'R4GRW0', 'Q86Y36', 'A2RQD5', 'A2RQD6', 'A8E194', 'A2RQD3', 'A2RQD4', 'E7E8T7', 'A0A0U4EGU4', 'Q8NF93', 'A2RQD7')	ABL1	ABL1	ABL1	CRK
Q01094	P06493	S	332	ATIVsPPPS	332	0.602	0.997	('P06493', 'A0A024QZJ8', 'A0A024QZP7', 'I6L9I5')	CDC2	CDK1	CDK1	E2F1
P04150	P78527	S	508	TTGVsQETS	508	0.536	0.995	('P78527',)	PRKDC	PRKDC	PRKDC	NR3C1
Q13426	P78527	S	320	AENMsLETL	320	0.584	0.988	('P78527',)	PRKDC	PRKDC	PRKDC	XRCC4
Q13426	P78527	S	260	SIISsLDVT	260	0.578	0.988	('P78527',)	PRKDC	PRKDC	PRKDC	XRCC4
Q13426	P78527	S	304	RPDSsLPET	304	0.578	0.988	('P78527',)	PRKDC	PRKDC	PRKDC	XRCC4
Q00613	P28482	S	303	EEPPsPPQS	303	0.549	0.997	('P28482',)	MAPK1	MAPK1	MAPK1	HSF1
O43524	P31749	S	253	RRAVsMDNS	253	0.83	0.996	('P31749',)	AKT1	AKT1	AKT1	FOXO3
O43524	P31749	T	32	PRSCtWPLQ	32	0.813	0.996	('P31749',)	AKT1	AKT1	AKT1	FOXO3
P20700	P06493	S	392	KLSPsPSSR	393	0.556	0.978	('P06493', 'A0A024QZJ8', 'A0A024QZP7', 'I6L9I5')	CDC2	CDK1	CDK1	LMNB1
Q15750	Q16539	S	438	LTNQsPTLT	438	0.547	0.99	('Q16539',)	MAPK14	MAPK14	MAPK14	TAB1
P11831	P78527	S	435	LNAFsQAPS	435	0.613	0.994	('P78527',)	PRKDC	PRKDC	PRKDC	SRF
P11831	P78527	S	446	QVSHsQVQE	446	0.606	0.994	('P78527',)	PRKDC	PRKDC	PRKDC	SRF
P05412	P78527	S	249	IDMEsQERI	249	0.625	0.996	('P78527',)	PRKDC	PRKDC	PRKDC	JUN
Q99741	P24941	S	74	LPPCsPPKQ	74	0.657	0.997	('P24941',)	CDK2	CDK2	CDK2	CDC6
Q99741	P24941	S	54	ALPLsPRKR	54	0.586	0.997	('P24941',)	CDK2	CDK2	CDK2	CDC6
Q13501	P06493	T	269	RSRLtPVSP	269	0.535	0.988	('P06493', 'A0A024QZJ8', 'A0A024QZP7', 'I6L9I5')	CDC2	CDK1	CDK1	SQSTM1
P05412	P49841	S	243	TPPLsPIDM	243	0.536	0.994	('P49841',)	GSK3B	GSK3B	GSK3B	JUN
P05412	P49841	T	239	MPGEtPPLS	239	0.536	0.994	('P49841',)	GSK3B	GSK3B	GSK3B	JUN
P03372	P24941	S	106	SVSPsPLML	106	0.596	0.997	('P24941',)	CDK2	CDK2	CDK2	ESR1
P37231	P28482	S	112	VEPAsPPYY	112	0.553	0.996	('P28482',)	MAPK1	MAPK1	MAPK1	PPARG
P38936	P31749	T	144	KRRQtSMTD	145	0.765	0.996	('P31749',)	AKT1	AKT1	AKT1	CDKN1A
Q9Y6K9	P49841	S	31	LGEEsPLGK	31	0.505	0.991	('P49841',)	GSK3B	GSK3B	GSK3B	IKBKG
P24385	P49841	T	286	DLACtPTDV	286	0.505	0.994	('P49841',)	GSK3B	GSK3B	GSK3B	CCND1
P47712	P28482	S	505	SYPLsPLSD	505	0.611	0.976	('P28482',)	MAPK1	MAPK1	MAPK1	PLA2G4A
O43521	P28482	S	69	APPAsPGPF	69	0.592	0.997	('P28482',)	MAPK1	MAPK1	MAPK1	BCL2L11
P30305	P06493	S	160	LLGHsPVLR	160	0.505	0.999	('P06493', 'A0A024QZJ8', 'A0A024QZP7', 'I6L9I5')	CDC2	CDK1	CDK1	CDC25B
P29353	P12931	Y	427	DDPSyVNVQ	427	0.545	0.998	('P12931', 'Q71UK5', 'A0A8I5KYU4')	SRC	SRC	SRC	SHC1
Q7Z589	P31749	S	209	RRTNsSSSS	209	0.838	0.994	('P31749',)	AKT1	AKT1	AKT1	C11orf30
P38398	P06493	S	1497	VERSsPSKC	1497	0.569	0.998	('P06493', 'A0A024QZJ8', 'A0A024QZP7', 'I6L9I5')	CDC2	CDK1	CDK1	BRCA1
Q14247	P12931	Y	470	TEAVyESAE	470	0.597	0.961	('P12931', 'Q71UK5', 'A0A8I5KYU4')	SRC	SRC	SRC	CTTN
Q14247	P12931	Y	486	EDSTyDEYE	486	0.562	0.961	('P12931', 'Q71UK5', 'A0A8I5KYU4')	SRC	SRC	SRC	CTTN
Q14247	P12931	Y	421	SSPVyEDAA	421	0.555	0.961	('P12931', 'Q71UK5', 'A0A8I5KYU4')	SRC	SRC	SRC	CTTN
Q00613	P49841	S	303	EEPPsPPQS	303	0.551	0.992	('P49841',)	GSK3B	GSK3B	GSK3B	HSF1
P21333	P06493	S	1458	GPGLsPGMV	1459	0.536	0.995	('P06493', 'A0A024QZJ8', 'A0A024QZP7', 'I6L9I5')	CDC2	CDK1	CDK1	FLNA
P06748	P06493	T	199	SIRDtPAKN	199	0.567	0.998	('P06493', 'A0A024QZJ8', 'A0A024QZP7', 'I6L9I5')	CDC2	CDK1	CDK1	NPM1
P06748	P06493	T	237	KTPKtPKGP	237	0.541	0.998	('P06493', 'A0A024QZJ8', 'A0A024QZP7', 'I6L9I5')	CDC2	CDK1	CDK1	NPM1
P18031	P06213	Y	153	IKSYyTVRQ	153	0.569	0.999	('P06213',)	INSR	INSR	INSR	PTPN1
P18031	P06213	Y	152	DIKSyYTVR	152	0.56	0.999	('P06213',)	INSR	INSR	INSR	PTPN1
