SubstrateID	KinaseID	Code	Position_x	Peptide	Position_y	motif_score	context_score	KinaseID_x	genesymbol_kinase	KinaseID_y	Gene name
Q12778	('P31749',)	S	256	RRAAsMDNN	256	0.873	0.998	('P31749',)	AKT1	('P31749',)	AKT1
P22736	('P31749',)	S	351	GRLPsKPKQ	351	0.854	0.984	('P31749',)	AKT1	('P31749',)	AKT1
Q12778	('P31749',)	S	319	PRTSsNAST	319	0.851	0.998	('P31749',)	AKT1	('P31749',)	AKT1
O15111	('P31749',)	T	23	ERLGtGGFG	23	0.849	0.996	('P31749',)	AKT1	('P31749',)	AKT1
Q00987	('P31749',)	S	186	KRHKsDSIS	186	0.847	0.996	('P31749',)	AKT1	('P31749',)	AKT1
P10275	('P31749',)	S	213	AREAsGAPT	215	0.84	0.995	('P31749',)	AKT1	('P31749',)	AKT1
Q7Z589	('P31749',)	S	209	RRTNsSSSS	209	0.838	0.994	('P31749',)	AKT1	('P31749',)	AKT1
P54253	('P31749',)	S	776	KRRWsAPES	775	0.835	0.942	('P31749',)	AKT1	('P31749',)	AKT1
O43524	('P31749',)	S	253	RRAVsMDNS	253	0.83	0.996	('P31749',)	AKT1	('P31749',)	AKT1
P15056	('P31749',)	S	428	ERKSsSSSE	429	0.826	0.992	('P31749',)	AKT1	('P31749',)	AKT1
P21453	('P31749',)	T	236	SRRLtFRKN	236	0.826	0.988	('P31749',)	AKT1	('P31749',)	AKT1
O14757	('P31749',)	S	280	PRVTsGGVS	280	0.825	0.996	('P31749',)	AKT1	('P31749',)	AKT1
Q00987	('P31749',)	S	166	RRAIsETEE	166	0.822	0.996	('P31749',)	AKT1	('P31749',)	AKT1
P46527	('P31749',)	T	157	KRPAtDDSS	157	0.815	0.995	('P31749',)	AKT1	('P31749',)	AKT1
O14746	('P31749',)	S	824	IRGKsYVQC	824	0.815	0.994	('P31749',)	AKT1	('P31749',)	AKT1
O43524	('P31749',)	T	32	PRSCtWPLQ	32	0.813	0.996	('P31749',)	AKT1	('P31749',)	AKT1
P03372	('P31749',)	S	167	ERLAsTNDK	167	0.807	0.996	('P31749',)	AKT1	('P31749',)	AKT1
Q9H4A3	('O00141',)	T	60	RRRHtMDKD	60	0.804	0.946	('O00141',)	SGK	('O00141',)	SGK1
P42345	('P31749',)	S	2448	TRTDsYSAG	2448	0.799	0.999	('P31749',)	AKT1	('P31749',)	AKT1
O60825	('P31749',)	S	466	MRRNsFTPL	466	0.79	0.957	('P31749',)	AKT1	('P31749',)	AKT1
P38398	('P31749',)	T	509	KRRPtSGLH	509	0.769	0.996	('P31749',)	AKT1	('P31749',)	AKT1
P15056	('P31749',)	S	364	DRSSsAPNV	365	0.769	0.992	('P31749',)	AKT1	('P31749',)	AKT1
P38936	('P31749',)	T	144	KRRQtSMTD	145	0.765	0.996	('P31749',)	AKT1	('P31749',)	AKT1
Q09472	('P31749',)	S	1834	RRMAsMQRT	1834	0.763	0.996	('P31749',)	AKT1	('P31749',)	AKT1
P55211	('P31749',)	S	196	RRFSsLHFM	196	0.76	0.996	('P31749',)	AKT1	('P31749',)	AKT1
P04049	('P31749',)	S	259	QRSTsTPNV	259	0.754	0.996	('P31749',)	AKT1	('P31749',)	AKT1
Q12778	('P31749',)	T	24	PRSCtWPLP	24	0.744	0.998	('P31749',)	AKT1	('P31749',)	AKT1
Q02750	('P06493',)	T	285	DAAEtPPRP	286	0.741	0.997	('P06493', 'A0A024QZJ8', 'A0A024QZP7', 'I6L9I5')	CDC2	('P06493',)	CDK1
P02545	('P31749',)	S	404	GRASsHSSQ	404	0.74	0.962	('P31749',)	AKT1	('P31749',)	AKT1
O14746	('P31749',)	S	227	RRGGsASRS	227	0.728	0.994	('P31749',)	AKT1	('P31749',)	AKT1
P21333	('P31749',)	S	2151	RRAPsVANV	2152	0.72	0.993	('P31749',)	AKT1	('P31749',)	AKT1
O60825	('P31749',)	S	483	PRNYsVGSR	483	0.71	0.957	('P31749',)	AKT1	('P31749',)	AKT1
P49736	('P24941',)	S	27	PLTSsPGRS	27	0.708	0.995	('P24941',)	CDK2	('P24941',)	CDK2
P24864	('P24941',)	T	395	SGLLtPPQS	395	0.703	0.999	('P24941',)	CDK2	('P24941',)	CDK2
P48048	('O00141',)	S	44	ARLVsKDGR	44	0.7	0.942	('O00141',)	SGK	('O00141',)	SGK1
Q92993	('P06493',)	S	90	SRPGsPERE	90	0.69	0.993	('P06493', 'A0A024QZJ8', 'A0A024QZP7', 'I6L9I5')	CDC2	('P06493',)	CDK1
O60934	('Q13315',)	S	397	FRMLsQDAP	397	0.687	0.999	('Q13315',)	ATM	('Q13315',)	ATM
P68400	('P06493',)	T	360	SSVPtPSPL	360	0.683	0.973	('P06493', 'A0A024QZJ8', 'A0A024QZP7', 'I6L9I5')	CDC2	('P06493',)	CDK1
P49815	('P31749',)	T	1462	PRGYtISDS	1462	0.682	0.998	('P31749',)	AKT1	('P31749',)	AKT1
Q9BXW9	('Q13315',)	S	222	ILGDsQHAD	222	0.68	0.999	('Q13315',)	ATM	('Q13315',)	ATM
Q14191	('Q13315',)	S	1141	AYSSsQPVI	1141	0.678	0.998	('Q13315',)	ATM	('Q13315',)	ATM
Q14683	('Q13315',)	S	966	SVSGsQRIS	966	0.673	0.999	('Q13315',)	ATM	('Q13315',)	ATM
Q13415	('P24941',)	S	273	SEITsPSKR	273	0.672	0.995	('P24941',)	CDK2	('P24941',)	CDK2
Q14247	('P28482',)	S	405	TPPVsPAPQ	405	0.672	0.958	('P28482',)	MAPK1	('P28482',)	MAPK1
P16104	('Q13315',)	S	139	ATQAsQEY	140	0.671	0.999	('Q13315',)	ATM	('Q13315',)	ATM
Q01094	('Q13315',)	S	31	LLDSsQIVI	31	0.671	0.997	('Q13315',)	ATM	('Q13315',)	ATM
Q13541	('P06493',)	T	69	PVTKtPPRD	70	0.67	0.996	('P06493', 'A0A024QZJ8', 'A0A024QZP7', 'I6L9I5')	CDC2	('P06493',)	CDK1
P38398	('Q13315',)	S	1457	AVLTsQKSS	1457	0.668	0.999	('Q13315',)	ATM	('Q13315',)	ATM
P49418	('P06493',)	S	285	LAPAsPAPA	285	0.667	0.941	('P06493', 'A0A024QZJ8', 'A0A024QZP7', 'I6L9I5')	CDC2	('P06493',)	CDK1
O60934	('Q13315',)	S	343	GPSLsQGVS	343	0.665	0.999	('Q13315',)	ATM	('Q13315',)	ATM
P54274	('Q13315',)	S	219	LMIIsQKDT	219	0.665	0.999	('Q13315',)	ATM	('Q13315',)	ATM
O60934	('Q13315',)	S	278	GITNsQTLI	278	0.661	0.999	('Q13315',)	ATM	('Q13315',)	ATM
O96017	('Q13315',)	S	28	SVTQsQGSS	28	0.661	0.999	('Q13315',)	ATM	('Q13315',)	ATM
Q14683	('Q13315',)	S	957	EEGSsQGED	957	0.66	0.999	('Q13315',)	ATM	('Q13315',)	ATM
Q08999	('P24941',)	T	417	SPCVtPVST	417	0.66	0.997	('P24941',)	CDK2	('P24941',)	CDK2
P23443	('P06493',)	T	444	GSPRtPVSP	444	0.658	0.969	('P06493', 'A0A024QZJ8', 'A0A024QZP7', 'I6L9I5')	CDC2	('P06493',)	CDK1
Q99741	('P24941',)	S	74	LPPCsPPKQ	74	0.657	0.997	('P24941',)	CDK2	('P24941',)	CDK2
Q9H1A4	('P06493',)	S	377	SHNQsPKRH	377	0.657	0.948	('P06493', 'A0A024QZJ8', 'A0A024QZP7', 'I6L9I5')	CDC2	('P06493',)	CDK1
P45985	('P31749',)	S	80	LRTHsIESS	80	0.654	0.996	('P31749',)	AKT1	('P31749',)	AKT1
Q9BXW9	('Q13315',)	S	1257	TAADsQQIH	1257	0.653	0.999	('Q13315',)	ATM	('Q13315',)	ATM
Q99708	('Q13315',)	S	664	GADLsQYKM	664	0.652	0.997	('Q13315',)	ATM	('Q13315',)	ATM
P38398	('Q13315',)	S	1387	SGLSsQSDI	1387	0.651	0.999	('Q13315',)	ATM	('Q13315',)	ATM
Q99638	('Q13315',)	S	272	TDSHsQDLG	272	0.651	0.996	('Q13315',)	ATM	('Q13315',)	ATM
P30291	('P06493',)	S	123	FGSSsPVKS	123	0.648	0.999	('P06493', 'A0A024QZJ8', 'A0A024QZP7', 'I6L9I5')	CDC2	('P06493',)	CDK1
P01106	('P24941',)	S	62	TPPLsPSRR	62	0.648	0.997	('P24941',)	CDK2	('P24941',)	CDK2
P38398	('Q13315',)	S	1423	EQHGsQPSN	1423	0.64	0.999	('Q13315',)	ATM	('Q13315',)	ATM
P46108	('P00519',)	Y	221	EPGPyAQPS	221	0.638	0.998	('P00519', 'A0A024R8E2', 'Q13689', 'Q13688', 'Q13691', 'Q3B836', 'Q13914', 'Q13915', 'Q3B837', 'R4GRW0', 'Q86Y36', 'A2RQD5', 'A2RQD6', 'A8E194', 'A2RQD3', 'A2RQD4', 'E7E8T7', 'A0A0U4EGU4', 'Q8NF93', 'A2RQD7')	ABL1	('P00519',)	ABL1
P15927	('P24941',)	S	23	GYTQsPGGF	23	0.638	0.997	('P24941',)	CDK2	('P24941',)	CDK2
P16104	('P78527',)	S	139	ATQAsQEY	139	0.635	0.995	('P78527',)	PRKDC	('P78527',)	PRKDC
P06400	('P24941',)	T	252	GSPRtPRRG	252	0.633	0.998	('P24941',)	CDK2	('P24941',)	CDK2
P38398	('Q13315',)	S	1524	RNYPsQEEL	1524	0.63	0.999	('Q13315',)	ATM	('Q13315',)	ATM
Q14191	('Q13315',)	S	1292	GMHLsQAVK	1292	0.628	0.998	('Q13315',)	ATM	('Q13315',)	ATM
Q9Y6Q9	('P06493',)	S	867	SVGSsPPVK	867	0.626	0.992	('P06493', 'A0A024QZJ8', 'A0A024QZP7', 'I6L9I5')	CDC2	('P06493',)	CDK1
O96017	('Q13315',)	T	68	ETVStQELY	68	0.625	0.999	('Q13315',)	ATM	('Q13315',)	ATM
P04637	('P78527',)	S	15	EPPLsQETF	15	0.625	0.997	('P78527',)	PRKDC	('P78527',)	PRKDC
P05412	('P78527',)	S	249	IDMEsQERI	249	0.625	0.996	('P78527',)	PRKDC	('P78527',)	PRKDC
P15927	('P78527',)	S	33	SPAPsQAEK	33	0.625	0.996	('P78527',)	PRKDC	('P78527',)	PRKDC
O96017	('Q13315',)	S	35	SSSQsQGIS	35	0.624	0.999	('Q13315',)	ATM	('Q13315',)	ATM
Q08999	('P24941',)	S	662	RSITsPTTL	662	0.624	0.997	('P24941',)	CDK2	('P24941',)	CDK2
Q13541	('P06493',)	S	82	PGVTsPSSD	83	0.624	0.996	('P06493', 'A0A024QZJ8', 'A0A024QZP7', 'I6L9I5')	CDC2	('P06493',)	CDK1
P49917	('Q13315',)	S	199	KLGVsQQTI	199	0.624	0.986	('Q13315',)	ATM	('Q13315',)	ATM
P38936	('P24941',)	S	129	QAEGsPGGP	130	0.623	0.999	('P24941',)	CDK2	('P24941',)	CDK2
P00533	('P27361',)	T	693	VEPLtPSGE	693	0.62	0.996	('P27361',)	MAPK3	('P27361',)	MAPK3
P07900	('Q13315',)	T	6	EETQtQDQP	7	0.619	0.998	('Q13315',)	ATM	('Q13315',)	ATM
Q13541	('Q13315',)	S	111	GGEEsQFEM	112	0.619	0.996	('Q13315',)	ATM	('Q13315',)	ATM
P17676	('P28482',)	T	235	SPPGtPSPA	235	0.619	0.985	('P28482',)	MAPK1	('P28482',)	MAPK1
P10244	('P24941',)	S	577	GLRRsPIKK	577	0.617	0.998	('P24941',)	CDK2	('P24941',)	CDK2
P49815	('P31749',)	S	939	ARSTsLNER	939	0.616	0.998	('P31749',)	AKT1	('P31749',)	AKT1
Q99708	('Q13315',)	S	745	ADSFsQAAD	745	0.615	0.997	('Q13315',)	ATM	('Q13315',)	ATM
P11831	('P78527',)	S	435	LNAFsQAPS	435	0.613	0.994	('P78527',)	PRKDC	('P78527',)	PRKDC
P42345	('P31749',)	T	2446	SRTRtDSYS	2446	0.612	0.999	('P31749',)	AKT1	('P31749',)	AKT1
Q08999	('P24941',)	T	694	SDGGtPGRM	694	0.612	0.997	('P24941',)	CDK2	('P24941',)	CDK2
P47712	('P28482',)	S	505	SYPLsPLSD	505	0.611	0.976	('P28482',)	MAPK1	('P28482',)	MAPK1
P68400	('P06493',)	S	362	VPTPsPLGP	362	0.611	0.973	('P06493', 'A0A024QZJ8', 'A0A024QZP7', 'I6L9I5')	CDC2	('P06493',)	CDK1
Q12888	('Q13315',)	S	6	DPTGsQLDS	6	0.61	0.998	('Q13315',)	ATM	('Q13315',)	ATM
O96017	('Q13315',)	T	26	HGSVtQSQG	26	0.609	0.999	('Q13315',)	ATM	('Q13315',)	ATM
O96017	('P78527',)	T	68	ETVStQELY	68	0.608	0.996	('P78527',)	PRKDC	('P78527',)	PRKDC
P07900	('P78527',)	T	6	EETQtQDQP	7	0.608	0.996	('P78527',)	PRKDC	('P78527',)	PRKDC
P49459	('P24941',)	S	120	PNPNsPANS	120	0.607	0.973	('P24941',)	CDK2	('P24941',)	CDK2
Q9NS91	('P24941',)	S	99	FALEsPAKS	99	0.607	0.969	('P24941',)	CDK2	('P24941',)	CDK2
P11831	('P78527',)	S	446	QVSHsQVQE	446	0.606	0.994	('P78527',)	PRKDC	('P78527',)	PRKDC
P67870	('P19784',)	S	2	sSSEE	2	0.603	0.999	('P19784',)	CSNK2A2	('P19784',)	CSNK2A2
Q05397	('P12931',)	Y	576	EDSTyYKAS	576	0.602	0.999	('P12931', 'Q71UK5', 'A0A8I5KYU4')	SRC	('P12931',)	SRC
Q01094	('P06493',)	S	332	ATIVsPPPS	332	0.602	0.997	('P06493', 'A0A024QZJ8', 'A0A024QZP7', 'I6L9I5')	CDC2	('P06493',)	CDK1
P04637	('P78527',)	S	37	SPLPsQAMD	37	0.599	0.997	('P78527',)	PRKDC	('P78527',)	PRKDC
P14598	('P28482',)	S	345	PGPQsPGSP	345	0.599	0.994	('P28482',)	MAPK1	('P28482',)	MAPK1
P04637	('Q13315',)	S	46	DLMLsPDDI	46	0.598	0.999	('Q13315',)	ATM	('Q13315',)	ATM
Q05397	('P12931',)	Y	407	EEDTyTMPS	407	0.597	0.999	('P12931', 'Q71UK5', 'A0A8I5KYU4')	SRC	('P12931',)	SRC
P35222	('P49674',)	S	45	TTAPsLSGK	45	0.597	0.983	('P49674', 'Q5U045', 'H7C3J2', 'L8EC90', 'A0A669KBC0', 'B0QY35', 'H0Y5S9', 'H0Y645', 'H0Y682', 'B0QY34', 'B0QY36', 'H7C0Y5')	CSNK1E	('P49674',)	CSNK1E
Q14247	('P12931',)	Y	470	TEAVyESAE	470	0.597	0.961	('P12931', 'Q71UK5', 'A0A8I5KYU4')	SRC	('P12931',)	SRC
P03372	('P24941',)	S	106	SVSPsPLML	106	0.596	0.997	('P24941',)	CDK2	('P24941',)	CDK2
O43521	('P28482',)	S	69	APPAsPGPF	69	0.592	0.997	('P28482',)	MAPK1	('P28482',)	MAPK1
O75943	('Q13315',)	S	656	ELPAsQPQP	656	0.592	0.996	('Q13315',)	ATM	('Q13315',)	ATM
P28749	('P24941',)	S	988	SIYIsPHKN	988	0.591	0.999	('P24941',)	CDK2	('P24941',)	CDK2
P06400	('P24941',)	T	373	IPPHtPVRT	373	0.591	0.998	('P24941',)	CDK2	('P24941',)	CDK2
P22681	('P06239',)	Y	731	DSCTyEAMY	731	0.59	0.999	('P06239',)	LCK	('P06239',)	LCK
Q13671	('P00519',)	Y	36	QDPLyDVPN	36	0.588	0.999	('P00519', 'A0A024R8E2', 'Q13689', 'Q13688', 'Q13691', 'Q3B836', 'Q13914', 'Q13915', 'Q3B837', 'R4GRW0', 'Q86Y36', 'A2RQD5', 'A2RQD6', 'A8E194', 'A2RQD3', 'A2RQD4', 'E7E8T7', 'A0A0U4EGU4', 'Q8NF93', 'A2RQD7')	ABL1	('P00519',)	ABL1
Q9UJY1	('P27361',)	T	87	AEGRtPPPF	87	0.588	0.941	('P27361',)	MAPK3	('P27361',)	MAPK3
Q99741	('P24941',)	S	54	ALPLsPRKR	54	0.586	0.997	('P24941',)	CDK2	('P24941',)	CDK2
P28749	('P24941',)	S	650	ERYSsPTAG	650	0.585	0.999	('P24941',)	CDK2	('P24941',)	CDK2
P06400	('P24941',)	S	249	PINGsPRTP	249	0.585	0.998	('P24941',)	CDK2	('P24941',)	CDK2
Q12888	('Q13315',)	S	25	IIEDsQPES	25	0.585	0.998	('Q13315',)	ATM	('Q13315',)	ATM
P16885	('P06239',)	Y	1197	EEELySSCR	1197	0.585	0.974	('P06239',)	LCK	('P06239',)	LCK
Q13426	('P78527',)	S	320	AENMsLETL	320	0.584	0.988	('P78527',)	PRKDC	('P78527',)	PRKDC
P06400	('P24941',)	S	811	SPLKsPYKI	811	0.583	0.998	('P24941',)	CDK2	('P24941',)	CDK2
P27824	('P06493',)	S	583	ILNRsPRNR	583	0.582	0.994	('P06493', 'A0A024QZJ8', 'A0A024QZP7', 'I6L9I5')	CDC2	('P06493',)	CDK1
P52735	('P06239',)	Y	142	DDDVyRSLE	142	0.581	0.989	('P06239',)	LCK	('P06239',)	LCK
P67870	('P06493',)	S	209	SNFKsPVKT	209	0.581	0.972	('P06493', 'A0A024QZJ8', 'A0A024QZP7', 'I6L9I5')	CDC2	('P06493',)	CDK1
Q15788	('P24941',)	S	569	SSQNsPSRL	569	0.579	0.994	('P24941',)	CDK2	('P24941',)	CDK2
Q13426	('P78527',)	S	260	SIISsLDVT	260	0.578	0.988	('P78527',)	PRKDC	('P78527',)	PRKDC
Q13426	('P78527',)	S	304	RPDSsLPET	304	0.578	0.988	('P78527',)	PRKDC	('P78527',)	PRKDC
P04637	('P48730',)	T	18	LSQEtFSDL	18	0.578	0.979	('P48730',)	CSNK1D	('P48730',)	CSNK1D
Q08999	('P24941',)	S	952	SHQNsPTEL	952	0.577	0.997	('P24941',)	CDK2	('P24941',)	CDK2
P30260	('P06493',)	T	343	SREVtPILA	343	0.577	0.95	('P06493', 'A0A024QZJ8', 'A0A024QZP7', 'I6L9I5')	CDC2	('P06493',)	CDK1
P49959	('Q13315',)	S	264	LFYIsQPGS	264	0.576	0.999	('Q13315',)	ATM	('Q13315',)	ATM
Q08999	('P24941',)	S	1044	VRTGsPRRI	1044	0.576	0.997	('P24941',)	CDK2	('P24941',)	CDK2
Q15831	('Q13315',)	T	363	DIIYtQDFT	363	0.576	0.99	('Q13315',)	ATM	('Q13315',)	ATM
Q05397	('P12931',)	Y	577	DSTYyKASK	577	0.575	0.999	('P12931', 'Q71UK5', 'A0A8I5KYU4')	SRC	('P12931',)	SRC
Q13415	('P24941',)	T	375	EATStPHRI	375	0.575	0.995	('P24941',)	CDK2	('P24941',)	CDK2
P16220	('P51812',)	S	133	SRRPsYRKI	133	0.575	0.986	('P51812', 'B4DG22', 'B1AXG1', 'B7ZB17', 'A0A2R8YGB7', 'Q8TDJ4', 'A0A2R8Y7S9', 'B1AXG2', 'Q7Z2E2', 'Q7Z2J3', 'Q7Z2J4', 'A0A2R8Y603')	RPS6KA3	('P51812',)	RPS6KA3
P05787	('P45983',)	S	431	GGLTsPGLS	432	0.571	0.998	('P45983', 'A1L4K2', 'A0A3B3IRW7', 'C9J762', 'B5BUB8', 'C9JWQ4')	MAPK8	('P45983',)	MAPK8
Q92934	('P51812',)	S	75	SRHSsYPAG	75	0.571	0.991	('P51812', 'B4DG22', 'B1AXG1', 'B7ZB17', 'A0A2R8YGB7', 'Q8TDJ4', 'A0A2R8Y7S9', 'B1AXG2', 'Q7Z2E2', 'Q7Z2J3', 'Q7Z2J4', 'A0A2R8Y603')	RPS6KA3	('P51812',)	RPS6KA3
P18031	('P06213',)	Y	153	IKSYyTVRQ	153	0.569	0.999	('P06213',)	INSR	('P06213',)	INSR
P38398	('P06493',)	S	1497	VERSsPSKC	1497	0.569	0.998	('P06493', 'A0A024QZJ8', 'A0A024QZP7', 'I6L9I5')	CDC2	('P06493',)	CDK1
O14757	('Q13315',)	S	345	GISFsQPTC	345	0.567	0.999	('Q13315',)	ATM	('Q13315',)	ATM
P06748	('P06493',)	T	199	SIRDtPAKN	199	0.567	0.998	('P06493', 'A0A024QZJ8', 'A0A024QZP7', 'I6L9I5')	CDC2	('P06493',)	CDK1
Q00613	('Q16539',)	S	307	SPPQsPRVE	307	0.567	0.992	('Q16539',)	MAPK14	('Q16539',)	MAPK14
O96017	('Q13315',)	S	33	QGSSsQSQG	33	0.566	0.999	('Q13315',)	ATM	('Q13315',)	ATM
P00519	('P06241',)	Y	393	TGDTyTAHA	393	0.566	0.998	('P06241', 'E5RFS5', 'E5RH71', 'E5RIX5', 'P78484', 'E5RFM0', 'E5RHF7', 'E5RHX7', 'E5RFM4', 'E5RFM6', 'E5RGM6', 'E5RGT0', 'E5RI25', 'E5RK23', 'E5RJX7', 'Q14342')	FYN	('P06241',)	FYN
P10244	('P24941',)	T	444	TPKStPVKT	444	0.566	0.998	('P24941',)	CDK2	('P24941',)	CDK2
Q00613	('Q16539',)	S	303	EEPPsPPQS	303	0.566	0.992	('Q16539',)	MAPK14	('Q16539',)	MAPK14
P35638	('Q16539',)	S	82	QSPHsPDSS	82	0.566	0.991	('Q16539',)	MAPK14	('Q16539',)	MAPK14
Q14247	('P12931',)	Y	486	EDSTyDEYE	486	0.562	0.961	('P12931', 'Q71UK5', 'A0A8I5KYU4')	SRC	('P12931',)	SRC
P25963	('P51812',)	S	32	DRHDsGLDS	32	0.561	0.99	('P51812', 'B4DG22', 'B1AXG1', 'B7ZB17', 'A0A2R8YGB7', 'Q8TDJ4', 'A0A2R8Y7S9', 'B1AXG2', 'Q7Z2E2', 'Q7Z2J3', 'Q7Z2J4', 'A0A2R8Y603')	RPS6KA3	('P51812',)	RPS6KA3
P18031	('P06213',)	Y	152	DIKSyYTVR	152	0.56	0.999	('P06213',)	INSR	('P06213',)	INSR
P01100	('P51812',)	S	362	HRKGsSSNE	362	0.56	0.993	('P51812', 'B4DG22', 'B1AXG1', 'B7ZB17', 'A0A2R8YGB7', 'Q8TDJ4', 'A0A2R8Y7S9', 'B1AXG2', 'Q7Z2E2', 'Q7Z2J3', 'Q7Z2J4', 'A0A2R8Y603')	RPS6KA3	('P51812',)	RPS6KA3
P38936	('P45983',)	S	129	QAEGsPGGP	130	0.557	0.998	('P45983', 'A1L4K2', 'A0A3B3IRW7', 'C9J762', 'B5BUB8', 'C9JWQ4')	MAPK8	('P45983',)	MAPK8
Q12888	('Q13315',)	S	29	SQPEsQVLE	29	0.557	0.998	('Q13315',)	ATM	('Q13315',)	ATM
P49736	('P24941',)	S	41	ALTSsPGRD	41	0.557	0.995	('P24941',)	CDK2	('P24941',)	CDK2
P19419	('Q16539',)	S	389	IAPRsPAKL	389	0.557	0.992	('Q16539',)	MAPK14	('Q16539',)	MAPK14
Q08999	('P24941',)	S	639	CIAGsPLTP	639	0.556	0.997	('P24941',)	CDK2	('P24941',)	CDK2
O75943	('Q13315',)	S	646	SLPLsQNSA	646	0.556	0.996	('Q13315',)	ATM	('Q13315',)	ATM
O15530	('P08069',)	Y	373	DEDCyGNYD	373	0.556	0.994	('P08069', 'C9J5X1', 'H0YMJ5', 'H0YNR0', 'H3BSZ8', 'Q3B833')	IGF1R	('P08069',)	IGF1R
Q14978	('P06493',)	T	607	IKLQtPNTF	607	0.556	0.987	('P06493', 'A0A024QZJ8', 'A0A024QZP7', 'I6L9I5')	CDC2	('P06493',)	CDK1
P20700	('P06493',)	S	392	KLSPsPSSR	393	0.556	0.978	('P06493', 'A0A024QZJ8', 'A0A024QZP7', 'I6L9I5')	CDC2	('P06493',)	CDK1
Q14247	('P12931',)	Y	421	SSPVyEDAA	421	0.555	0.961	('P12931', 'Q71UK5', 'A0A8I5KYU4')	SRC	('P12931',)	SRC
P14317	('P07948',)	Y	378	PENDyEDVE	378	0.555	0.904	('P07948', 'E5RJ37', 'Q6NUK7')	LYN	('P07948',)	LYN
P37231	('P28482',)	S	112	VEPAsPPYY	112	0.553	0.996	('P28482',)	MAPK1	('P28482',)	MAPK1
Q05397	('P12931',)	Y	925	NDKVyENVT	925	0.552	0.999	('P12931', 'Q71UK5', 'A0A8I5KYU4')	SRC	('P12931',)	SRC
P06400	('Q16539',)	T	252	GSPRtPRRG	252	0.552	0.992	('Q16539',)	MAPK14	('Q16539',)	MAPK14
Q00613	('P49841',)	S	303	EEPPsPPQS	303	0.551	0.992	('P49841',)	GSK3B	('P49841',)	GSK3B
P03372	('P51812',)	S	167	ERLAsTNDK	167	0.551	0.991	('P51812', 'B4DG22', 'B1AXG1', 'B7ZB17', 'A0A2R8YGB7', 'Q8TDJ4', 'A0A2R8Y7S9', 'B1AXG2', 'Q7Z2E2', 'Q7Z2J3', 'Q7Z2J4', 'A0A2R8Y603')	RPS6KA3	('P51812',)	RPS6KA3
P14598	('Q16539',)	S	345	PGPQsPGSP	345	0.551	0.99	('Q16539',)	MAPK14	('Q16539',)	MAPK14
P13807	('P49841',)	S	645	SVPPsPSLS	645	0.551	0.98	('P49841',)	GSK3B	('P49841',)	GSK3B
P17480	('P28482',)	T	117	KKPLtPYFR	117	0.55	0.98	('P28482',)	MAPK1	('P28482',)	MAPK1
Q00613	('P28482',)	S	303	EEPPsPPQS	303	0.549	0.997	('P28482',)	MAPK1	('P28482',)	MAPK1
P49792	('P06493',)	S	2276	KSALsPSKS	2276	0.547	0.997	('P06493', 'A0A024QZJ8', 'A0A024QZP7', 'I6L9I5')	CDC2	('P06493',)	CDK1
Q15750	('Q16539',)	S	438	LTNQsPTLT	438	0.547	0.99	('Q16539',)	MAPK14	('Q16539',)	MAPK14
P55273	('P24941',)	S	76	TSGTsPVHD	76	0.547	0.961	('P24941',)	CDK2	('P24941',)	CDK2
O96017	('Q13315',)	S	19	SSACsQPHG	19	0.546	0.999	('Q13315',)	ATM	('Q13315',)	ATM
Q14289	('P07948',)	Y	579	EDEDyYKAS	579	0.546	0.997	('P07948', 'E5RJ37', 'Q6NUK7')	LYN	('P07948',)	LYN
P10636	('P49841',)	S	551	TPPKsPSSA	552	0.546	0.993	('P49841',)	GSK3B	('P49841',)	GSK3B
Q02078	('Q16539',)	S	453	EMGRsPVDS	453	0.546	0.987	('Q16539',)	MAPK14	('Q16539',)	MAPK14
P22681	('P12931',)	Y	774	EDDGyDVPK	774	0.545	0.999	('P12931', 'Q71UK5', 'A0A8I5KYU4')	SRC	('P12931',)	SRC
P05787	('P06493',)	S	431	GGLTsPGLS	432	0.545	0.998	('P06493', 'A0A024QZJ8', 'A0A024QZP7', 'I6L9I5')	CDC2	('P06493',)	CDK1
P29353	('P12931',)	Y	427	DDPSyVNVQ	427	0.545	0.998	('P12931', 'Q71UK5', 'A0A8I5KYU4')	SRC	('P12931',)	SRC
P49023	('P12931',)	Y	88	SSPVyGSSA	88	0.545	0.998	('P12931', 'Q71UK5', 'A0A8I5KYU4')	SRC	('P12931',)	SRC
P25963	('P06239',)	Y	42	KDEEyEQMV	42	0.545	0.996	('P06239',)	LCK	('P06239',)	LCK
P10244	('P24941',)	T	494	HRDKtPLHQ	494	0.544	0.998	('P24941',)	CDK2	('P24941',)	CDK2
P06748	('P06493',)	T	237	KTPKtPKGP	237	0.541	0.998	('P06493', 'A0A024QZJ8', 'A0A024QZP7', 'I6L9I5')	CDC2	('P06493',)	CDK1
P62753	('P23443',)	S	235	RRRLsSLRA	235	0.541	0.994	('P23443',)	RPS6KB1	('P23443',)	RPS6KB1
P10636	('P49841',)	T	547	AVVRtPPKS	548	0.541	0.993	('P49841',)	GSK3B	('P49841',)	GSK3B
P19419	('Q16539',)	S	383	WSTLsPIAP	383	0.541	0.992	('Q16539',)	MAPK14	('Q16539',)	MAPK14
Q9Y6Q9	('P45983',)	S	867	SVGSsPPVK	867	0.541	0.992	('P45983', 'A1L4K2', 'A0A3B3IRW7', 'C9J762', 'B5BUB8', 'C9JWQ4')	MAPK8	('P45983',)	MAPK8
Q9UBK2	('Q16539',)	S	266	LTPEsPNDP	266	0.541	0.989	('Q16539',)	MAPK14	('Q16539',)	MAPK14
P13051	('P49841',)	T	60	EEPGtPPSS	60	0.541	0.969	('P49841',)	GSK3B	('P49841',)	GSK3B
Q9C0C2	('P24941',)	S	691	DLLAsPPPS	691	0.541	0.905	('P24941',)	CDK2	('P24941',)	CDK2
P22681	('P06241',)	Y	700	EDTEyMTPS	700	0.539	0.999	('P06241', 'E5RFS5', 'E5RH71', 'E5RIX5', 'P78484', 'E5RFM0', 'E5RHF7', 'E5RHX7', 'E5RFM4', 'E5RFM6', 'E5RGM6', 'E5RGT0', 'E5RI25', 'E5RK23', 'E5RJX7', 'Q14342')	FYN	('P06241',)	FYN
P40259	('P07948',)	Y	196	EDHTyEGLD	196	0.539	0.969	('P07948', 'E5RJ37', 'Q6NUK7')	LYN	('P07948',)	LYN
Q92878	('Q13315',)	S	635	DVCGsQDFE	635	0.536	0.999	('Q13315',)	ATM	('Q13315',)	ATM
P50613	('P24941',)	S	164	KSFGsPNRA	164	0.536	0.998	('P24941',)	CDK2	('P24941',)	CDK2
P04150	('P78527',)	S	508	TTGVsQETS	508	0.536	0.995	('P78527',)	PRKDC	('P78527',)	PRKDC
P21333	('P06493',)	S	1458	GPGLsPGMV	1459	0.536	0.995	('P06493', 'A0A024QZJ8', 'A0A024QZP7', 'I6L9I5')	CDC2	('P06493',)	CDK1
P05412	('P49841',)	S	243	TPPLsPIDM	243	0.536	0.994	('P49841',)	GSK3B	('P49841',)	GSK3B
P05412	('P49841',)	T	239	MPGEtPPLS	239	0.536	0.994	('P49841',)	GSK3B	('P49841',)	GSK3B
Q92993	('P49841',)	S	90	SRPGsPERE	90	0.536	0.994	('P49841',)	GSK3B	('P49841',)	GSK3B
Q9H1A4	('P06493',)	T	537	DGVStPKPL	537	0.536	0.948	('P06493', 'A0A024QZJ8', 'A0A024QZP7', 'I6L9I5')	CDC2	('P06493',)	CDK1
Q13501	('P06493',)	T	269	RSRLtPVSP	269	0.535	0.988	('P06493', 'A0A024QZJ8', 'A0A024QZP7', 'I6L9I5')	CDC2	('P06493',)	CDK1
P28749	('P24941',)	T	997	GSGLtPRSA	997	0.534	0.999	('P24941',)	CDK2	('P24941',)	CDK2
Q08999	('P24941',)	S	1112	DGSEsPAKR	1112	0.534	0.997	('P24941',)	CDK2	('P24941',)	CDK2
P62753	('P23443',)	S	236	RRLSsLRAS	236	0.531	0.994	('P23443',)	RPS6KB1	('P23443',)	RPS6KB1
P06400	('Q16539',)	S	249	PINGsPRTP	249	0.531	0.992	('Q16539',)	MAPK14	('Q16539',)	MAPK14
P14598	('Q16539',)	S	348	QSPGsPLEE	348	0.531	0.99	('Q16539',)	MAPK14	('Q16539',)	MAPK14
Q9UBK2	('Q16539',)	T	263	SLPLtPESP	263	0.531	0.989	('Q16539',)	MAPK14	('Q16539',)	MAPK14
Q9UBK2	('Q16539',)	T	299	TPPTtPPHK	299	0.531	0.989	('Q16539',)	MAPK14	('Q16539',)	MAPK14
P18858	('P24941',)	S	76	DEALsPAKG	76	0.526	0.998	('P24941',)	CDK2	('P24941',)	CDK2
Q92993	('P49841',)	S	86	GLPGsRPGS	86	0.526	0.994	('P49841',)	GSK3B	('P49841',)	GSK3B
P10636	('P49841',)	S	712	IVYKsPVVS	713	0.526	0.993	('P49841',)	GSK3B	('P49841',)	GSK3B
P10636	('P49841',)	S	720	SGDTsPRHL	721	0.526	0.993	('P49841',)	GSK3B	('P49841',)	GSK3B
P24864	('P49841',)	T	395	SGLLtPPQS	395	0.526	0.993	('P49841',)	GSK3B	('P49841',)	GSK3B
P04150	('Q16539',)	S	226	NCLLsPLAG	226	0.526	0.992	('Q16539',)	MAPK14	('Q16539',)	MAPK14
Q07666	('Q16539',)	T	84	GPAPtPLLP	84	0.526	0.992	('Q16539',)	MAPK14	('Q16539',)	MAPK14
Q9UN19	('P12931',)	Y	139	EPSIyESVR	139	0.526	0.985	('P12931', 'Q71UK5', 'A0A8I5KYU4')	SRC	('P12931',)	SRC
P27816	('P06493',)	S	696	ELPPsPEKK	696	0.526	0.984	('P06493', 'A0A024QZJ8', 'A0A024QZP7', 'I6L9I5')	CDC2	('P06493',)	CDK1
P25054	('P49674',)	S	1279	SSLSsLSSA	1279	0.526	0.983	('P49674', 'Q5U045', 'H7C3J2', 'L8EC90', 'A0A669KBC0', 'B0QY35', 'H0Y5S9', 'H0Y645', 'H0Y682', 'B0QY34', 'B0QY36', 'H7C0Y5')	CSNK1E	('P49674',)	CSNK1E
P56945	('P12931',)	Y	653	PDGQyENSE	653	0.525	0.998	('P12931', 'Q71UK5', 'A0A8I5KYU4')	SRC	('P12931',)	SRC
Q08999	('P24941',)	T	1097	RTGEtPTKK	1097	0.525	0.997	('P24941',)	CDK2	('P24941',)	CDK2
P06400	('P24941',)	S	807	NIYIsPLKS	807	0.523	0.998	('P24941',)	CDK2	('P24941',)	CDK2
Q14247	('P06493',)	S	405	TPPVsPAPQ	405	0.523	0.958	('P06493', 'A0A024QZJ8', 'A0A024QZP7', 'I6L9I5')	CDC2	('P06493',)	CDK1
P30304	('P06493',)	S	18	LFACsPPPA	18	0.521	0.999	('P06493', 'A0A024QZJ8', 'A0A024QZP7', 'I6L9I5')	CDC2	('P06493',)	CDK1
P18754	('P06493',)	S	11	AKRRsPPAD	11	0.521	0.995	('P06493', 'A0A024QZJ8', 'A0A024QZP7', 'I6L9I5')	CDC2	('P06493',)	CDK1
P29350	('P07948',)	Y	564	KEDVyENLH	564	0.52	0.997	('P07948', 'E5RJ37', 'Q6NUK7')	LYN	('P07948',)	LYN
P04150	('Q16539',)	S	203	FSSGsPGKE	203	0.516	0.992	('Q16539',)	MAPK14	('Q16539',)	MAPK14
P02545	('P06493',)	S	392	RLSPsPTSQ	392	0.516	0.96	('P06493', 'A0A024QZJ8', 'A0A024QZP7', 'I6L9I5')	CDC2	('P06493',)	CDK1
P38432	('P24941',)	S	184	AKRKsPKKK	184	0.515	0.996	('P24941',)	CDK2	('P24941',)	CDK2
P27816	('P06493',)	S	787	EKRAsPSKP	787	0.515	0.984	('P06493', 'A0A024QZJ8', 'A0A024QZP7', 'I6L9I5')	CDC2	('P06493',)	CDK1
Q86U86	('Q13315',)	S	948	HRTYsQDCS	948	0.515	0.908	('Q13315',)	ATM	('Q13315',)	ATM
Q08999	('P24941',)	S	1080	YFSNsPSKR	1080	0.511	0.997	('P24941',)	CDK2	('P24941',)	CDK2
P35568	('P08069',)	Y	662	DPNGyMMMS	662	0.51	0.999	('P08069', 'C9J5X1', 'H0YMJ5', 'H0YNR0', 'H3BSZ8', 'Q3B833')	IGF1R	('P08069',)	IGF1R
P20936	('P00533',)	Y	460	GKEIyNTIR	460	0.51	0.996	('P00533',)	EGFR	('P00533',)	EGFR
P03372	('P49841',)	S	106	SVSPsPLML	106	0.51	0.993	('P49841',)	GSK3B	('P49841',)	GSK3B
P03372	('P49841',)	S	118	PPQLsPFLQ	118	0.51	0.993	('P49841',)	GSK3B	('P49841',)	GSK3B
P04637	('Q13315',)	S	20	QETFsDLWK	20	0.508	0.999	('Q13315',)	ATM	('Q13315',)	ATM
O14757	('Q13315',)	S	317	KYSSsQPEP	317	0.505	0.999	('Q13315',)	ATM	('Q13315',)	ATM
P30305	('P06493',)	S	160	LLGHsPVLR	160	0.505	0.999	('P06493', 'A0A024QZJ8', 'A0A024QZP7', 'I6L9I5')	CDC2	('P06493',)	CDK1
P15498	('P06239',)	Y	174	GDEIyEDLM	174	0.505	0.997	('P06239',)	LCK	('P06239',)	LCK
P78527	('Q13315',)	T	2638	QIRAtQQQH	2638	0.505	0.996	('Q13315',)	ATM	('Q13315',)	ATM
P11912	('P06241',)	Y	199	DCSMyEDIS	199	0.505	0.994	('P06241', 'E5RFS5', 'E5RH71', 'E5RIX5', 'P78484', 'E5RFM0', 'E5RHF7', 'E5RHX7', 'E5RFM4', 'E5RFM6', 'E5RGM6', 'E5RGT0', 'E5RI25', 'E5RK23', 'E5RJX7', 'Q14342')	FYN	('P06241',)	FYN
P24385	('P49841',)	T	286	DLACtPTDV	286	0.505	0.994	('P49841',)	GSK3B	('P49841',)	GSK3B
P60484	('P49841',)	T	366	STSVtPDVS	366	0.505	0.993	('P49841',)	GSK3B	('P49841',)	GSK3B
P04150	('Q16539',)	S	211	ETNEsPWRS	211	0.505	0.992	('Q16539',)	MAPK14	('Q16539',)	MAPK14
Q9Y6K9	('P49841',)	S	31	LGEEsPLGK	31	0.505	0.991	('P49841',)	GSK3B	('P49841',)	GSK3B
P13807	('P49841',)	S	649	SPSLsRHSS	649	0.505	0.98	('P49841',)	GSK3B	('P49841',)	GSK3B
Q9NYF8	('P49841',)	S	531	FREEsPLRI	531	0.505	0.972	('P49841',)	GSK3B	('P49841',)	GSK3B
P02545	('P06493',)	S	390	RLRLsPSPT	390	0.505	0.96	('P06493', 'A0A024QZJ8', 'A0A024QZP7', 'I6L9I5')	CDC2	('P06493',)	CDK1
Q9NP31	('P06239',)	Y	305	PSNIyVEVE	305	0.505	0.924	('P06239',)	LCK	('P06239',)	LCK
P51813	('P12931',)	Y	566	LDDQyVSSV	566	0.505	0.907	('P12931', 'Q71UK5', 'A0A8I5KYU4')	SRC	('P12931',)	SRC
