SubstrateID	KinaseID	Code	Position_x	Peptide	Position_y	predictor	genesymbol_kinase	Kinases	motif_score	context_score	Description	PARTICIPANT_A	PARTICIPANT_B	INTERACTION_DATA_SOURCE	INTERACTION_TYPE
P00519	Q13315	S	446	GIDLsQVYE	446	ATM	ATM	ATM	0.651	0.999	Ataxia telangiectasia mutated	ABL1	ATM	IntAct;DIP;HPRD;BioGRID	interacts-with
P50613	P24941	S	164	KSFGsPNRA	164	cdk5	CDK2	CDK2	0.536	0.998	Cell division protein kinase 2	CDK7	CDK2	PhosphoSite;NetPath;Reactome	controls-phosphorylation-of
P50613	P24941	S	164	KSFGsPNRA	164	cdk5	CDK2	CDK2	0.536	0.998	Cell division protein kinase 2	CDK7	CDK2	CTD;PhosphoSite;NetPath;Reactome	controls-state-change-of
O14757	Q13315	S	345	GISFsQPTC	345	ATM	ATM	ATM	0.567	0.999	Ataxia telangiectasia mutated	CHEK1	ATM	Reactome	controls-expression-of
O14757	Q13315	S	317	KYSSsQPEP	317	ATM	ATM	ATM	0.505	0.999	Ataxia telangiectasia mutated	CHEK1	ATM	Reactome	controls-expression-of
O96017	Q13315	S	28	SVTQsQGSS	28	ATM	ATM	ATM	0.661	0.999	Ataxia telangiectasia mutated	CHEK2	ATM	Reactome	controls-state-change-of
O96017	Q13315	T	68	ETVStQELY	68	ATM	ATM	ATM	0.625	0.999	Ataxia telangiectasia mutated	CHEK2	ATM	Reactome	controls-state-change-of
O96017	Q13315	S	35	SSSQsQGIS	35	ATM	ATM	ATM	0.624	0.999	Ataxia telangiectasia mutated	CHEK2	ATM	Reactome	controls-state-change-of
O96017	Q13315	T	26	HGSVtQSQG	26	ATM	ATM	ATM	0.609	0.999	Ataxia telangiectasia mutated	CHEK2	ATM	Reactome	controls-state-change-of
O96017	Q13315	S	33	QGSSsQSQG	33	ATM	ATM	ATM	0.566	0.999	Ataxia telangiectasia mutated	CHEK2	ATM	Reactome	controls-state-change-of
O96017	Q13315	S	19	SSACsQPHG	19	ATM	ATM	ATM	0.546	0.999	Ataxia telangiectasia mutated	CHEK2	ATM	Reactome	controls-state-change-of
P00533	P27361	T	693	VEPLtPSGE	693	Erk1	MAPK3	MAPK3	0.62	0.996	mitogen-activated protein kinase 3 (Erk1)	EGFR	MAPK3	CTD	controls-state-change-of
O43521	P28482	S	69	APPAsPGPF	69	Erk1	MAPK1	MAPK1	0.592	0.997	mitogen-activated protein kinase 1 (Erk2)	BCL2L11	MAPK1	Reactome	controls-state-change-of
O43521	P28482	S	69	APPAsPGPF	69	Erk1	MAPK1	MAPK1	0.592	0.997	mitogen-activated protein kinase 1 (Erk2)	BCL2L11	MAPK1	BioGRID	interacts-with
P38398	Q13315	S	1457	AVLTsQKSS	1457	ATM	ATM	ATM	0.668	0.999	Ataxia telangiectasia mutated	BRCA1	ATM	CTD;Reactome	controls-expression-of
P38398	Q13315	S	1387	SGLSsQSDI	1387	ATM	ATM	ATM	0.651	0.999	Ataxia telangiectasia mutated	BRCA1	ATM	CTD;Reactome	controls-expression-of
P38398	Q13315	S	1423	EQHGsQPSN	1423	ATM	ATM	ATM	0.64	0.999	Ataxia telangiectasia mutated	BRCA1	ATM	CTD;Reactome	controls-expression-of
P38398	Q13315	S	1524	RNYPsQEEL	1524	ATM	ATM	ATM	0.63	0.999	Ataxia telangiectasia mutated	BRCA1	ATM	CTD;Reactome	controls-expression-of
P24864	P24941	T	395	SGLLtPPQS	395	cdk5	CDK2	CDK2	0.703	0.999	Cell division protein kinase 2	CCNE1	CDK2	BIND;IntAct;NetPath;DIP;HPRD;BioGRID	interacts-with
P24864	P49841	T	395	SGLLtPPQS	395	GSK3	GSK3B	GSK-3_beta	0.526	0.993	Glycogen synthase kinase-3 beta	CCNE1	GSK3B	IntAct;HPRD;BioGRID	interacts-with
Q99741	P24941	S	74	LPPCsPPKQ	74	cdk5	CDK2	CDK2	0.657	0.997	Cell division protein kinase 2	CDC6	CDK2	BIND;HPRD;BioGRID	interacts-with
Q99741	P24941	S	54	ALPLsPRKR	54	cdk5	CDK2	CDK2	0.586	0.997	Cell division protein kinase 2	CDC6	CDK2	BIND;HPRD;BioGRID	interacts-with
P38936	P24941	S	129	QAEGsPGGP	130	cdk5	CDK2	CDK2	0.623	0.999	Cell division protein kinase 2	CDKN1A	CDK2	CTD	controls-expression-of
P38936	P24941	S	129	QAEGsPGGP	130	cdk5	CDK2	CDK2	0.623	0.999	Cell division protein kinase 2	CDKN1A	CDK2	pid;Reactome	controls-state-change-of
Q01094	Q13315	S	31	LLDSsQIVI	31	ATM	ATM	ATM	0.671	0.997	Ataxia telangiectasia mutated	E2F1	ATM	CTD;MSigDB	controls-expression-of
P19419	Q16539	S	389	IAPRsPAKL	389	p38MAPK	MAPK14	MAPK14	0.557	0.992	mitogen-activated protein kinase 14 (p38alpha)	ELK1	MAPK14	MSigDB	controls-expression-of
P19419	Q16539	S	383	WSTLsPIAP	383	p38MAPK	MAPK14	MAPK14	0.541	0.992	mitogen-activated protein kinase 14 (p38alpha)	ELK1	MAPK14	MSigDB	controls-expression-of
P19419	Q16539	S	389	IAPRsPAKL	389	p38MAPK	MAPK14	MAPK14	0.557	0.992	mitogen-activated protein kinase 14 (p38alpha)	ELK1	MAPK14	BIND;Pathbank;HPRD	interacts-with
P19419	Q16539	S	383	WSTLsPIAP	383	p38MAPK	MAPK14	MAPK14	0.541	0.992	mitogen-activated protein kinase 14 (p38alpha)	ELK1	MAPK14	BIND;Pathbank;HPRD	interacts-with
P03372	P49841	S	106	SVSPsPLML	106	GSK3	GSK3B	GSK-3_beta	0.51	0.993	Glycogen synthase kinase-3 beta	ESR1	GSK3B	CTD	controls-state-change-of
P03372	P49841	S	118	PPQLsPFLQ	118	GSK3	GSK3B	GSK-3_beta	0.51	0.993	Glycogen synthase kinase-3 beta	ESR1	GSK3B	CTD	controls-state-change-of
Q9BXW9	Q13315	S	222	ILGDsQHAD	222	ATM	ATM	ATM	0.68	0.999	Ataxia telangiectasia mutated	FANCD2	ATM	Reactome	controls-expression-of
Q9BXW9	Q13315	S	1257	TAADsQQIH	1257	ATM	ATM	ATM	0.653	0.999	Ataxia telangiectasia mutated	FANCD2	ATM	Reactome	controls-expression-of
P07900	P78527	T	6	EETQtQDQP	7	DNAPK	PRKDC	DNA-PK	0.608	0.996	DNA-dependent protein kinase catalytic subunit	HSP90AA1	PRKDC	HPRD;BioGRID	interacts-with
Q9UJY1	P27361	T	87	AEGRtPPPF	87	Erk1	MAPK3	MAPK3	0.588	0.941	mitogen-activated protein kinase 3 (Erk1)	HSPB8	MAPK3	HPRD	interacts-with
P05412	P78527	S	249	IDMEsQERI	249	DNAPK	PRKDC	DNA-PK	0.625	0.996	DNA-dependent protein kinase catalytic subunit	JUN	PRKDC	IntAct;HPRD;BioGRID	interacts-with
P49959	Q13315	S	264	LFYIsQPGS	264	ATM	ATM	ATM	0.576	0.999	Ataxia telangiectasia mutated	MRE11	ATM	Reactome	controls-state-change-of
P01106	P49841	T	58	ELLPtPPLS	58	GSK3	GSK3B	GSK-3_beta	0.541	0.992	Glycogen synthase kinase-3 beta	MYC	GSK3B	MSigDB	controls-expression-of
O60934	Q13315	S	397	FRMLsQDAP	397	ATM	ATM	ATM	0.687	0.999	Ataxia telangiectasia mutated	NBN	ATM	Reactome	controls-state-change-of
O60934	Q13315	S	343	GPSLsQGVS	343	ATM	ATM	ATM	0.665	0.999	Ataxia telangiectasia mutated	NBN	ATM	Reactome	controls-state-change-of
O60934	Q13315	S	278	GITNsQTLI	278	ATM	ATM	ATM	0.661	0.999	Ataxia telangiectasia mutated	NBN	ATM	Reactome	controls-state-change-of
P04150	P78527	S	508	TTGVsQETS	508	DNAPK	PRKDC	DNA-PK	0.536	0.995	DNA-dependent protein kinase catalytic subunit	NR3C1	PRKDC	HPRD;BioGRID	interacts-with
P60484	P49841	T	366	STSVtPDVS	366	GSK3	GSK3B	GSK-3_beta	0.505	0.993	Glycogen synthase kinase-3 beta	PTEN	GSK3B	CTD	controls-state-change-of
P18031	P06213	Y	153	IKSYyTVRQ	153	INSR	INSR	INSR	0.569	0.999	Insulin receptor	PTPN1	INSR	pid	controls-phosphorylation-of
P18031	P06213	Y	152	DIKSyYTVR	152	INSR	INSR	INSR	0.56	0.999	Insulin receptor	PTPN1	INSR	pid	controls-phosphorylation-of
P18031	P06213	Y	153	IKSYyTVRQ	153	INSR	INSR	INSR	0.569	0.999	Insulin receptor	PTPN1	INSR	pid	controls-state-change-of
P18031	P06213	Y	152	DIKSyYTVR	152	INSR	INSR	INSR	0.56	0.999	Insulin receptor	PTPN1	INSR	pid	controls-state-change-of
P18031	P06213	Y	153	IKSYyTVRQ	153	INSR	INSR	INSR	0.569	0.999	Insulin receptor	PTPN1	INSR	pid	controls-transport-of
P18031	P06213	Y	152	DIKSyYTVR	152	INSR	INSR	INSR	0.56	0.999	Insulin receptor	PTPN1	INSR	pid	controls-transport-of
Q92878	Q13315	S	635	DVCGsQDFE	635	ATM	ATM	ATM	0.536	0.999	Ataxia telangiectasia mutated	RAD50	ATM	Reactome	controls-state-change-of
Q99708	Q13315	S	664	GADLsQYKM	664	ATM	ATM	ATM	0.652	0.997	Ataxia telangiectasia mutated	RBBP8	ATM	CTD	controls-expression-of
Q99708	Q13315	S	745	ADSFsQAAD	745	ATM	ATM	ATM	0.615	0.997	Ataxia telangiectasia mutated	RBBP8	ATM	CTD	controls-expression-of
P62753	P23443	S	235	RRRLsSLRA	235	RSK	RPS6KB1	p70S6K	0.541	0.994	ribosomal protein S6 kinase, 70kDa, polypeptide 1	RPS6	RPS6KB1	BIND;IntAct;BioGRID	interacts-with
P62753	P23443	S	236	RRLSsLRAS	236	RSK	RPS6KB1	p70S6K	0.531	0.994	ribosomal protein S6 kinase, 70kDa, polypeptide 1	RPS6	RPS6KB1	BIND;IntAct;BioGRID	interacts-with
Q15750	Q16539	S	438	LTNQsPTLT	438	p38MAPK	MAPK14	MAPK14	0.547	0.99	mitogen-activated protein kinase 14 (p38alpha)	TAB1	MAPK14	PANTHER	controls-phosphorylation-of
Q15750	Q16539	S	438	LTNQsPTLT	438	p38MAPK	MAPK14	MAPK14	0.547	0.99	mitogen-activated protein kinase 14 (p38alpha)	TAB1	MAPK14	PANTHER	controls-state-change-of
P04637	P78527	S	15	EPPLsQETF	15	DNAPK	PRKDC	DNA-PK	0.625	0.997	DNA-dependent protein kinase catalytic subunit	TP53	PRKDC	CTD	controls-expression-of
P04637	P78527	S	37	SPLPsQAMD	37	DNAPK	PRKDC	DNA-PK	0.599	0.997	DNA-dependent protein kinase catalytic subunit	TP53	PRKDC	CTD	controls-expression-of
P00519	Q13315	S	446	GIDLsQVYE	446	ATM	ATM	ATM	0.651	0.999	Ataxia telangiectasia mutated	ATM	ABL1	Reactome	controls-phosphorylation-of
P00519	Q13315	S	446	GIDLsQVYE	446	ATM	ATM	ATM	0.651	0.999	Ataxia telangiectasia mutated	ATM	ABL1	pid;Reactome	controls-state-change-of
P38398	Q13315	S	1457	AVLTsQKSS	1457	ATM	ATM	ATM	0.668	0.999	Ataxia telangiectasia mutated	ATM	BRCA1	Reactome	controls-expression-of
P38398	Q13315	S	1387	SGLSsQSDI	1387	ATM	ATM	ATM	0.651	0.999	Ataxia telangiectasia mutated	ATM	BRCA1	Reactome	controls-expression-of
P38398	Q13315	S	1423	EQHGsQPSN	1423	ATM	ATM	ATM	0.64	0.999	Ataxia telangiectasia mutated	ATM	BRCA1	Reactome	controls-expression-of
P38398	Q13315	S	1524	RNYPsQEEL	1524	ATM	ATM	ATM	0.63	0.999	Ataxia telangiectasia mutated	ATM	BRCA1	Reactome	controls-expression-of
P38398	Q13315	S	1457	AVLTsQKSS	1457	ATM	ATM	ATM	0.668	0.999	Ataxia telangiectasia mutated	ATM	BRCA1	PhosphoSite	controls-phosphorylation-of
P38398	Q13315	S	1387	SGLSsQSDI	1387	ATM	ATM	ATM	0.651	0.999	Ataxia telangiectasia mutated	ATM	BRCA1	PhosphoSite	controls-phosphorylation-of
P38398	Q13315	S	1423	EQHGsQPSN	1423	ATM	ATM	ATM	0.64	0.999	Ataxia telangiectasia mutated	ATM	BRCA1	PhosphoSite	controls-phosphorylation-of
P38398	Q13315	S	1524	RNYPsQEEL	1524	ATM	ATM	ATM	0.63	0.999	Ataxia telangiectasia mutated	ATM	BRCA1	PhosphoSite	controls-phosphorylation-of
P38398	Q13315	S	1457	AVLTsQKSS	1457	ATM	ATM	ATM	0.668	0.999	Ataxia telangiectasia mutated	ATM	BRCA1	PhosphoSite;pid;Reactome	controls-state-change-of
P38398	Q13315	S	1387	SGLSsQSDI	1387	ATM	ATM	ATM	0.651	0.999	Ataxia telangiectasia mutated	ATM	BRCA1	PhosphoSite;pid;Reactome	controls-state-change-of
P38398	Q13315	S	1423	EQHGsQPSN	1423	ATM	ATM	ATM	0.64	0.999	Ataxia telangiectasia mutated	ATM	BRCA1	PhosphoSite;pid;Reactome	controls-state-change-of
P38398	Q13315	S	1524	RNYPsQEEL	1524	ATM	ATM	ATM	0.63	0.999	Ataxia telangiectasia mutated	ATM	BRCA1	PhosphoSite;pid;Reactome	controls-state-change-of
P38398	Q13315	S	1457	AVLTsQKSS	1457	ATM	ATM	ATM	0.668	0.999	Ataxia telangiectasia mutated	ATM	BRCA1	BIND;IntAct;HPRD;BioGRID	interacts-with
P38398	Q13315	S	1387	SGLSsQSDI	1387	ATM	ATM	ATM	0.651	0.999	Ataxia telangiectasia mutated	ATM	BRCA1	BIND;IntAct;HPRD;BioGRID	interacts-with
P38398	Q13315	S	1423	EQHGsQPSN	1423	ATM	ATM	ATM	0.64	0.999	Ataxia telangiectasia mutated	ATM	BRCA1	BIND;IntAct;HPRD;BioGRID	interacts-with
P38398	Q13315	S	1524	RNYPsQEEL	1524	ATM	ATM	ATM	0.63	0.999	Ataxia telangiectasia mutated	ATM	BRCA1	BIND;IntAct;HPRD;BioGRID	interacts-with
O14757	Q13315	S	345	GISFsQPTC	345	ATM	ATM	ATM	0.567	0.999	Ataxia telangiectasia mutated	ATM	CHEK1	Reactome	controls-expression-of
O14757	Q13315	S	317	KYSSsQPEP	317	ATM	ATM	ATM	0.505	0.999	Ataxia telangiectasia mutated	ATM	CHEK1	Reactome	controls-expression-of
O14757	Q13315	S	345	GISFsQPTC	345	ATM	ATM	ATM	0.567	0.999	Ataxia telangiectasia mutated	ATM	CHEK1	PhosphoSite	controls-phosphorylation-of
O14757	Q13315	S	317	KYSSsQPEP	317	ATM	ATM	ATM	0.505	0.999	Ataxia telangiectasia mutated	ATM	CHEK1	PhosphoSite	controls-phosphorylation-of
O14757	Q13315	S	345	GISFsQPTC	345	ATM	ATM	ATM	0.567	0.999	Ataxia telangiectasia mutated	ATM	CHEK1	CTD;PhosphoSite;Reactome	controls-state-change-of
O14757	Q13315	S	317	KYSSsQPEP	317	ATM	ATM	ATM	0.505	0.999	Ataxia telangiectasia mutated	ATM	CHEK1	CTD;PhosphoSite;Reactome	controls-state-change-of
O14757	Q13315	S	345	GISFsQPTC	345	ATM	ATM	ATM	0.567	0.999	Ataxia telangiectasia mutated	ATM	CHEK1	HPRD;BioGRID	interacts-with
O14757	Q13315	S	317	KYSSsQPEP	317	ATM	ATM	ATM	0.505	0.999	Ataxia telangiectasia mutated	ATM	CHEK1	HPRD;BioGRID	interacts-with
O96017	Q13315	S	28	SVTQsQGSS	28	ATM	ATM	ATM	0.661	0.999	Ataxia telangiectasia mutated	ATM	CHEK2	CTD	controls-expression-of
O96017	Q13315	T	68	ETVStQELY	68	ATM	ATM	ATM	0.625	0.999	Ataxia telangiectasia mutated	ATM	CHEK2	CTD	controls-expression-of
O96017	Q13315	S	35	SSSQsQGIS	35	ATM	ATM	ATM	0.624	0.999	Ataxia telangiectasia mutated	ATM	CHEK2	CTD	controls-expression-of
O96017	Q13315	T	26	HGSVtQSQG	26	ATM	ATM	ATM	0.609	0.999	Ataxia telangiectasia mutated	ATM	CHEK2	CTD	controls-expression-of
O96017	Q13315	S	33	QGSSsQSQG	33	ATM	ATM	ATM	0.566	0.999	Ataxia telangiectasia mutated	ATM	CHEK2	CTD	controls-expression-of
O96017	Q13315	S	19	SSACsQPHG	19	ATM	ATM	ATM	0.546	0.999	Ataxia telangiectasia mutated	ATM	CHEK2	CTD	controls-expression-of
O96017	Q13315	S	28	SVTQsQGSS	28	ATM	ATM	ATM	0.661	0.999	Ataxia telangiectasia mutated	ATM	CHEK2	PANTHER;PhosphoSite;pid	controls-phosphorylation-of
O96017	Q13315	T	68	ETVStQELY	68	ATM	ATM	ATM	0.625	0.999	Ataxia telangiectasia mutated	ATM	CHEK2	PANTHER;PhosphoSite;pid	controls-phosphorylation-of
O96017	Q13315	S	35	SSSQsQGIS	35	ATM	ATM	ATM	0.624	0.999	Ataxia telangiectasia mutated	ATM	CHEK2	PANTHER;PhosphoSite;pid	controls-phosphorylation-of
O96017	Q13315	T	26	HGSVtQSQG	26	ATM	ATM	ATM	0.609	0.999	Ataxia telangiectasia mutated	ATM	CHEK2	PANTHER;PhosphoSite;pid	controls-phosphorylation-of
O96017	Q13315	S	33	QGSSsQSQG	33	ATM	ATM	ATM	0.566	0.999	Ataxia telangiectasia mutated	ATM	CHEK2	PANTHER;PhosphoSite;pid	controls-phosphorylation-of
O96017	Q13315	S	19	SSACsQPHG	19	ATM	ATM	ATM	0.546	0.999	Ataxia telangiectasia mutated	ATM	CHEK2	PANTHER;PhosphoSite;pid	controls-phosphorylation-of
O96017	Q13315	S	28	SVTQsQGSS	28	ATM	ATM	ATM	0.661	0.999	Ataxia telangiectasia mutated	ATM	CHEK2	PANTHER;CTD;PhosphoSite;pid;Reactome	controls-state-change-of
O96017	Q13315	T	68	ETVStQELY	68	ATM	ATM	ATM	0.625	0.999	Ataxia telangiectasia mutated	ATM	CHEK2	PANTHER;CTD;PhosphoSite;pid;Reactome	controls-state-change-of
O96017	Q13315	S	35	SSSQsQGIS	35	ATM	ATM	ATM	0.624	0.999	Ataxia telangiectasia mutated	ATM	CHEK2	PANTHER;CTD;PhosphoSite;pid;Reactome	controls-state-change-of
O96017	Q13315	T	26	HGSVtQSQG	26	ATM	ATM	ATM	0.609	0.999	Ataxia telangiectasia mutated	ATM	CHEK2	PANTHER;CTD;PhosphoSite;pid;Reactome	controls-state-change-of
O96017	Q13315	S	33	QGSSsQSQG	33	ATM	ATM	ATM	0.566	0.999	Ataxia telangiectasia mutated	ATM	CHEK2	PANTHER;CTD;PhosphoSite;pid;Reactome	controls-state-change-of
O96017	Q13315	S	19	SSACsQPHG	19	ATM	ATM	ATM	0.546	0.999	Ataxia telangiectasia mutated	ATM	CHEK2	PANTHER;CTD;PhosphoSite;pid;Reactome	controls-state-change-of
O96017	Q13315	S	28	SVTQsQGSS	28	ATM	ATM	ATM	0.661	0.999	Ataxia telangiectasia mutated	ATM	CHEK2	BIND;HPRD;BioGRID	interacts-with
O96017	Q13315	T	68	ETVStQELY	68	ATM	ATM	ATM	0.625	0.999	Ataxia telangiectasia mutated	ATM	CHEK2	BIND;HPRD;BioGRID	interacts-with
O96017	Q13315	S	35	SSSQsQGIS	35	ATM	ATM	ATM	0.624	0.999	Ataxia telangiectasia mutated	ATM	CHEK2	BIND;HPRD;BioGRID	interacts-with
O96017	Q13315	T	26	HGSVtQSQG	26	ATM	ATM	ATM	0.609	0.999	Ataxia telangiectasia mutated	ATM	CHEK2	BIND;HPRD;BioGRID	interacts-with
O96017	Q13315	S	33	QGSSsQSQG	33	ATM	ATM	ATM	0.566	0.999	Ataxia telangiectasia mutated	ATM	CHEK2	BIND;HPRD;BioGRID	interacts-with
O96017	Q13315	S	19	SSACsQPHG	19	ATM	ATM	ATM	0.546	0.999	Ataxia telangiectasia mutated	ATM	CHEK2	BIND;HPRD;BioGRID	interacts-with
Q01094	Q13315	S	31	LLDSsQIVI	31	ATM	ATM	ATM	0.671	0.997	Ataxia telangiectasia mutated	ATM	E2F1	PhosphoSite;pid	controls-phosphorylation-of
Q01094	Q13315	S	31	LLDSsQIVI	31	ATM	ATM	ATM	0.671	0.997	Ataxia telangiectasia mutated	ATM	E2F1	PhosphoSite;pid	controls-state-change-of
Q01094	Q13315	S	31	LLDSsQIVI	31	ATM	ATM	ATM	0.671	0.997	Ataxia telangiectasia mutated	ATM	E2F1	BIND;HPRD;BioGRID	interacts-with
Q13541	Q13315	S	111	GGEEsQFEM	112	ATM	ATM	ATM	0.619	0.996	Ataxia telangiectasia mutated	ATM	EIF4EBP1	PhosphoSite	controls-phosphorylation-of
Q13541	Q13315	S	111	GGEEsQFEM	112	ATM	ATM	ATM	0.619	0.996	Ataxia telangiectasia mutated	ATM	EIF4EBP1	PhosphoSite	controls-state-change-of
Q13541	Q13315	S	111	GGEEsQFEM	112	ATM	ATM	ATM	0.619	0.996	Ataxia telangiectasia mutated	ATM	EIF4EBP1	HPRD;BioGRID	interacts-with
Q9BXW9	Q13315	S	222	ILGDsQHAD	222	ATM	ATM	ATM	0.68	0.999	Ataxia telangiectasia mutated	ATM	FANCD2	Reactome	controls-expression-of
Q9BXW9	Q13315	S	1257	TAADsQQIH	1257	ATM	ATM	ATM	0.653	0.999	Ataxia telangiectasia mutated	ATM	FANCD2	Reactome	controls-expression-of
Q9BXW9	Q13315	S	222	ILGDsQHAD	222	ATM	ATM	ATM	0.68	0.999	Ataxia telangiectasia mutated	ATM	FANCD2	PhosphoSite;pid	controls-phosphorylation-of
Q9BXW9	Q13315	S	1257	TAADsQQIH	1257	ATM	ATM	ATM	0.653	0.999	Ataxia telangiectasia mutated	ATM	FANCD2	PhosphoSite;pid	controls-phosphorylation-of
Q9BXW9	Q13315	S	222	ILGDsQHAD	222	ATM	ATM	ATM	0.68	0.999	Ataxia telangiectasia mutated	ATM	FANCD2	PhosphoSite;pid	controls-state-change-of
Q9BXW9	Q13315	S	1257	TAADsQQIH	1257	ATM	ATM	ATM	0.653	0.999	Ataxia telangiectasia mutated	ATM	FANCD2	PhosphoSite;pid	controls-state-change-of
Q9BXW9	Q13315	S	222	ILGDsQHAD	222	ATM	ATM	ATM	0.68	0.999	Ataxia telangiectasia mutated	ATM	FANCD2	HPRD;BioGRID	interacts-with
Q9BXW9	Q13315	S	1257	TAADsQQIH	1257	ATM	ATM	ATM	0.653	0.999	Ataxia telangiectasia mutated	ATM	FANCD2	HPRD;BioGRID	interacts-with
P16104	Q13315	S	139	ATQAsQEY	140	ATM	ATM	ATM	0.671	0.999	Ataxia telangiectasia mutated	ATM	H2AFX	CTD	controls-expression-of
P16104	Q13315	S	139	ATQAsQEY	140	ATM	ATM	ATM	0.671	0.999	Ataxia telangiectasia mutated	ATM	H2AFX	pid	controls-phosphorylation-of
P16104	Q13315	S	139	ATQAsQEY	140	ATM	ATM	ATM	0.671	0.999	Ataxia telangiectasia mutated	ATM	H2AFX	CTD;pid;Reactome	controls-state-change-of
P16104	Q13315	S	139	ATQAsQEY	140	ATM	ATM	ATM	0.671	0.999	Ataxia telangiectasia mutated	ATM	H2AFX	BIND;IntAct;DIP;HPRD;BioGRID	interacts-with
P49917	Q13315	S	199	KLGVsQQTI	199	ATM	ATM	ATM	0.624	0.986	Ataxia telangiectasia mutated	ATM	LIG4	BioGRID	interacts-with
Q00987	Q13315	S	395	SEDYsQPST	395	ATM	ATM	ATM	0.611	0.999	Ataxia telangiectasia mutated	ATM	MDM2	PANTHER;PhosphoSite;pid;Reactome	controls-phosphorylation-of
Q00987	Q13315	S	395	SEDYsQPST	395	ATM	ATM	ATM	0.611	0.999	Ataxia telangiectasia mutated	ATM	MDM2	PANTHER;PhosphoSite;pid;Reactome	controls-state-change-of
Q00987	Q13315	S	395	SEDYsQPST	395	ATM	ATM	ATM	0.611	0.999	Ataxia telangiectasia mutated	ATM	MDM2	HPRD;BioGRID	interacts-with
P49959	Q13315	S	264	LFYIsQPGS	264	ATM	ATM	ATM	0.576	0.999	Ataxia telangiectasia mutated	ATM	MRE11	PhosphoSite	controls-phosphorylation-of
P49959	Q13315	S	264	LFYIsQPGS	264	ATM	ATM	ATM	0.576	0.999	Ataxia telangiectasia mutated	ATM	MRE11	PhosphoSite;pid	controls-state-change-of
P49959	Q13315	S	264	LFYIsQPGS	264	ATM	ATM	ATM	0.576	0.999	Ataxia telangiectasia mutated	ATM	MRE11	BIND;HPRD;BioGRID	interacts-with
O60934	Q13315	S	397	FRMLsQDAP	397	ATM	ATM	ATM	0.687	0.999	Ataxia telangiectasia mutated	ATM	NBN	PhosphoSite	controls-phosphorylation-of
O60934	Q13315	S	343	GPSLsQGVS	343	ATM	ATM	ATM	0.665	0.999	Ataxia telangiectasia mutated	ATM	NBN	PhosphoSite	controls-phosphorylation-of
O60934	Q13315	S	278	GITNsQTLI	278	ATM	ATM	ATM	0.661	0.999	Ataxia telangiectasia mutated	ATM	NBN	PhosphoSite	controls-phosphorylation-of
O60934	Q13315	S	397	FRMLsQDAP	397	ATM	ATM	ATM	0.687	0.999	Ataxia telangiectasia mutated	ATM	NBN	CTD;PhosphoSite;pid;Reactome	controls-state-change-of
O60934	Q13315	S	343	GPSLsQGVS	343	ATM	ATM	ATM	0.665	0.999	Ataxia telangiectasia mutated	ATM	NBN	CTD;PhosphoSite;pid;Reactome	controls-state-change-of
O60934	Q13315	S	278	GITNsQTLI	278	ATM	ATM	ATM	0.661	0.999	Ataxia telangiectasia mutated	ATM	NBN	CTD;PhosphoSite;pid;Reactome	controls-state-change-of
O60934	Q13315	S	397	FRMLsQDAP	397	ATM	ATM	ATM	0.687	0.999	Ataxia telangiectasia mutated	ATM	NBN	BIND;IntAct;DIP;HPRD;BioGRID	interacts-with
O60934	Q13315	S	343	GPSLsQGVS	343	ATM	ATM	ATM	0.665	0.999	Ataxia telangiectasia mutated	ATM	NBN	BIND;IntAct;DIP;HPRD;BioGRID	interacts-with
O60934	Q13315	S	278	GITNsQTLI	278	ATM	ATM	ATM	0.661	0.999	Ataxia telangiectasia mutated	ATM	NBN	BIND;IntAct;DIP;HPRD;BioGRID	interacts-with
O75943	Q13315	S	656	ELPAsQPQP	656	ATM	ATM	ATM	0.592	0.996	Ataxia telangiectasia mutated	ATM	RAD17	PhosphoSite;pid	controls-phosphorylation-of
O75943	Q13315	S	646	SLPLsQNSA	646	ATM	ATM	ATM	0.556	0.996	Ataxia telangiectasia mutated	ATM	RAD17	PhosphoSite;pid	controls-phosphorylation-of
O75943	Q13315	S	656	ELPAsQPQP	656	ATM	ATM	ATM	0.592	0.996	Ataxia telangiectasia mutated	ATM	RAD17	PhosphoSite;pid	controls-state-change-of
O75943	Q13315	S	646	SLPLsQNSA	646	ATM	ATM	ATM	0.556	0.996	Ataxia telangiectasia mutated	ATM	RAD17	PhosphoSite;pid	controls-state-change-of
O75943	Q13315	S	656	ELPAsQPQP	656	ATM	ATM	ATM	0.592	0.996	Ataxia telangiectasia mutated	ATM	RAD17	HPRD;BioGRID	interacts-with
O75943	Q13315	S	646	SLPLsQNSA	646	ATM	ATM	ATM	0.556	0.996	Ataxia telangiectasia mutated	ATM	RAD17	HPRD;BioGRID	interacts-with
Q92878	Q13315	S	635	DVCGsQDFE	635	ATM	ATM	ATM	0.536	0.999	Ataxia telangiectasia mutated	ATM	RAD50	PhosphoSite	controls-phosphorylation-of
Q92878	Q13315	S	635	DVCGsQDFE	635	ATM	ATM	ATM	0.536	0.999	Ataxia telangiectasia mutated	ATM	RAD50	PhosphoSite;pid	controls-state-change-of
Q92878	Q13315	S	635	DVCGsQDFE	635	ATM	ATM	ATM	0.536	0.999	Ataxia telangiectasia mutated	ATM	RAD50	HPRD;BioGRID	interacts-with
Q99638	Q13315	S	272	TDSHsQDLG	272	ATM	ATM	ATM	0.651	0.996	Ataxia telangiectasia mutated	ATM	RAD9A	PhosphoSite;pid	controls-phosphorylation-of
Q99638	Q13315	S	272	TDSHsQDLG	272	ATM	ATM	ATM	0.651	0.996	Ataxia telangiectasia mutated	ATM	RAD9A	PhosphoSite;pid	controls-state-change-of
Q99638	Q13315	S	272	TDSHsQDLG	272	ATM	ATM	ATM	0.651	0.996	Ataxia telangiectasia mutated	ATM	RAD9A	HPRD	interacts-with
Q99708	Q13315	S	664	GADLsQYKM	664	ATM	ATM	ATM	0.652	0.997	Ataxia telangiectasia mutated	ATM	RBBP8	PhosphoSite;pid	controls-phosphorylation-of
Q99708	Q13315	S	745	ADSFsQAAD	745	ATM	ATM	ATM	0.615	0.997	Ataxia telangiectasia mutated	ATM	RBBP8	PhosphoSite;pid	controls-phosphorylation-of
Q99708	Q13315	S	664	GADLsQYKM	664	ATM	ATM	ATM	0.652	0.997	Ataxia telangiectasia mutated	ATM	RBBP8	PhosphoSite;pid;Reactome	controls-state-change-of
Q99708	Q13315	S	745	ADSFsQAAD	745	ATM	ATM	ATM	0.615	0.997	Ataxia telangiectasia mutated	ATM	RBBP8	PhosphoSite;pid;Reactome	controls-state-change-of
Q99708	Q13315	S	664	GADLsQYKM	664	ATM	ATM	ATM	0.652	0.997	Ataxia telangiectasia mutated	ATM	RBBP8	HPRD;BioGRID	interacts-with
Q99708	Q13315	S	745	ADSFsQAAD	745	ATM	ATM	ATM	0.615	0.997	Ataxia telangiectasia mutated	ATM	RBBP8	HPRD;BioGRID	interacts-with
Q14683	Q13315	S	966	SVSGsQRIS	966	ATM	ATM	ATM	0.673	0.999	Ataxia telangiectasia mutated	ATM	SMC1A	PhosphoSite;pid	controls-phosphorylation-of
Q14683	Q13315	S	957	EEGSsQGED	957	ATM	ATM	ATM	0.66	0.999	Ataxia telangiectasia mutated	ATM	SMC1A	PhosphoSite;pid	controls-phosphorylation-of
Q14683	Q13315	S	966	SVSGsQRIS	966	ATM	ATM	ATM	0.673	0.999	Ataxia telangiectasia mutated	ATM	SMC1A	CTD;PhosphoSite;pid	controls-state-change-of
Q14683	Q13315	S	957	EEGSsQGED	957	ATM	ATM	ATM	0.66	0.999	Ataxia telangiectasia mutated	ATM	SMC1A	CTD;PhosphoSite;pid	controls-state-change-of
Q14683	Q13315	S	966	SVSGsQRIS	966	ATM	ATM	ATM	0.673	0.999	Ataxia telangiectasia mutated	ATM	SMC1A	pid	controls-transport-of
Q14683	Q13315	S	957	EEGSsQGED	957	ATM	ATM	ATM	0.66	0.999	Ataxia telangiectasia mutated	ATM	SMC1A	pid	controls-transport-of
Q14683	Q13315	S	966	SVSGsQRIS	966	ATM	ATM	ATM	0.673	0.999	Ataxia telangiectasia mutated	ATM	SMC1A	IntAct;HPRD;BioGRID	interacts-with
Q14683	Q13315	S	957	EEGSsQGED	957	ATM	ATM	ATM	0.66	0.999	Ataxia telangiectasia mutated	ATM	SMC1A	IntAct;HPRD;BioGRID	interacts-with
Q15831	Q13315	T	363	DIIYtQDFT	363	ATM	ATM	ATM	0.576	0.99	Ataxia telangiectasia mutated	ATM	STK11	HPRD;BioGRID	interacts-with
P54274	Q13315	S	219	LMIIsQKDT	219	ATM	ATM	ATM	0.665	0.999	Ataxia telangiectasia mutated	ATM	TERF1	PhosphoSite	controls-phosphorylation-of
P54274	Q13315	S	219	LMIIsQKDT	219	ATM	ATM	ATM	0.665	0.999	Ataxia telangiectasia mutated	ATM	TERF1	PhosphoSite	controls-state-change-of
P54274	Q13315	S	219	LMIIsQKDT	219	ATM	ATM	ATM	0.665	0.999	Ataxia telangiectasia mutated	ATM	TERF1	IntAct;DIP;HPRD;BioGRID	interacts-with
Q12888	Q13315	S	6	DPTGsQLDS	6	ATM	ATM	ATM	0.61	0.998	Ataxia telangiectasia mutated	ATM	TP53BP1	PhosphoSite	controls-phosphorylation-of
Q12888	Q13315	S	25	IIEDsQPES	25	ATM	ATM	ATM	0.585	0.998	Ataxia telangiectasia mutated	ATM	TP53BP1	PhosphoSite	controls-phosphorylation-of
Q12888	Q13315	S	29	SQPEsQVLE	29	ATM	ATM	ATM	0.557	0.998	Ataxia telangiectasia mutated	ATM	TP53BP1	PhosphoSite	controls-phosphorylation-of
Q12888	Q13315	S	6	DPTGsQLDS	6	ATM	ATM	ATM	0.61	0.998	Ataxia telangiectasia mutated	ATM	TP53BP1	PhosphoSite;Reactome	controls-state-change-of
Q12888	Q13315	S	25	IIEDsQPES	25	ATM	ATM	ATM	0.585	0.998	Ataxia telangiectasia mutated	ATM	TP53BP1	PhosphoSite;Reactome	controls-state-change-of
Q12888	Q13315	S	29	SQPEsQVLE	29	ATM	ATM	ATM	0.557	0.998	Ataxia telangiectasia mutated	ATM	TP53BP1	PhosphoSite;Reactome	controls-state-change-of
Q12888	Q13315	S	6	DPTGsQLDS	6	ATM	ATM	ATM	0.61	0.998	Ataxia telangiectasia mutated	ATM	TP53BP1	IntAct;HPRD;BioGRID	interacts-with
Q12888	Q13315	S	25	IIEDsQPES	25	ATM	ATM	ATM	0.585	0.998	Ataxia telangiectasia mutated	ATM	TP53BP1	IntAct;HPRD;BioGRID	interacts-with
Q12888	Q13315	S	29	SQPEsQVLE	29	ATM	ATM	ATM	0.557	0.998	Ataxia telangiectasia mutated	ATM	TP53BP1	IntAct;HPRD;BioGRID	interacts-with
P04637	Q13315	S	15	EPPLsQETF	15	ATM	ATM	ATM	0.666	0.999	Ataxia telangiectasia mutated	ATM	TP53	CTD	controls-expression-of
P04637	Q13315	S	46	DLMLsPDDI	46	ATM	ATM	ATM	0.598	0.999	Ataxia telangiectasia mutated	ATM	TP53	CTD	controls-expression-of
P04637	Q13315	S	15	EPPLsQETF	15	ATM	ATM	ATM	0.666	0.999	Ataxia telangiectasia mutated	ATM	TP53	PANTHER;PhosphoSite;pid;Reactome	controls-phosphorylation-of
P04637	Q13315	S	46	DLMLsPDDI	46	ATM	ATM	ATM	0.598	0.999	Ataxia telangiectasia mutated	ATM	TP53	PANTHER;PhosphoSite;pid;Reactome	controls-phosphorylation-of
P04637	Q13315	S	15	EPPLsQETF	15	ATM	ATM	ATM	0.666	0.999	Ataxia telangiectasia mutated	ATM	TP53	PANTHER;CTD;PhosphoSite;pid;Reactome	controls-state-change-of
P04637	Q13315	S	46	DLMLsPDDI	46	ATM	ATM	ATM	0.598	0.999	Ataxia telangiectasia mutated	ATM	TP53	PANTHER;CTD;PhosphoSite;pid;Reactome	controls-state-change-of
P04637	Q13315	S	15	EPPLsQETF	15	ATM	ATM	ATM	0.666	0.999	Ataxia telangiectasia mutated	ATM	TP53	BIND;IntAct;DIP;HPRD;BioGRID	interacts-with
P04637	Q13315	S	46	DLMLsPDDI	46	ATM	ATM	ATM	0.598	0.999	Ataxia telangiectasia mutated	ATM	TP53	BIND;IntAct;DIP;HPRD;BioGRID	interacts-with
Q14191	Q13315	S	1141	AYSSsQPVI	1141	ATM	ATM	ATM	0.678	0.998	Ataxia telangiectasia mutated	ATM	WRN	PhosphoSite	controls-phosphorylation-of
Q14191	Q13315	S	1292	GMHLsQAVK	1292	ATM	ATM	ATM	0.628	0.998	Ataxia telangiectasia mutated	ATM	WRN	PhosphoSite	controls-phosphorylation-of
Q14191	Q13315	S	1141	AYSSsQPVI	1141	ATM	ATM	ATM	0.678	0.998	Ataxia telangiectasia mutated	ATM	WRN	PhosphoSite	controls-state-change-of
Q14191	Q13315	S	1292	GMHLsQAVK	1292	ATM	ATM	ATM	0.628	0.998	Ataxia telangiectasia mutated	ATM	WRN	PhosphoSite	controls-state-change-of
Q14191	Q13315	S	1141	AYSSsQPVI	1141	ATM	ATM	ATM	0.678	0.998	Ataxia telangiectasia mutated	ATM	WRN	HPRD;BioGRID	interacts-with
Q14191	Q13315	S	1292	GMHLsQAVK	1292	ATM	ATM	ATM	0.628	0.998	Ataxia telangiectasia mutated	ATM	WRN	HPRD;BioGRID	interacts-with
P24864	P24941	T	395	SGLLtPPQS	395	cdk5	CDK2	CDK2	0.703	0.999	Cell division protein kinase 2	CDK2	CCNE1	PhosphoSite	controls-phosphorylation-of
P24864	P24941	T	395	SGLLtPPQS	395	cdk5	CDK2	CDK2	0.703	0.999	Cell division protein kinase 2	CDK2	CCNE1	PhosphoSite	controls-state-change-of
Q99741	P24941	S	74	LPPCsPPKQ	74	cdk5	CDK2	CDK2	0.657	0.997	Cell division protein kinase 2	CDK2	CDC6	PhosphoSite;Reactome	controls-phosphorylation-of
Q99741	P24941	S	54	ALPLsPRKR	54	cdk5	CDK2	CDK2	0.586	0.997	Cell division protein kinase 2	CDK2	CDC6	PhosphoSite;Reactome	controls-phosphorylation-of
Q99741	P24941	S	74	LPPCsPPKQ	74	cdk5	CDK2	CDK2	0.657	0.997	Cell division protein kinase 2	CDK2	CDC6	PhosphoSite;Reactome	controls-state-change-of
Q99741	P24941	S	54	ALPLsPRKR	54	cdk5	CDK2	CDK2	0.586	0.997	Cell division protein kinase 2	CDK2	CDC6	PhosphoSite;Reactome	controls-state-change-of
P50613	P24941	S	164	KSFGsPNRA	164	cdk5	CDK2	CDK2	0.536	0.998	Cell division protein kinase 2	CDK2	CDK7	PhosphoSite	controls-phosphorylation-of
P50613	P24941	S	164	KSFGsPNRA	164	cdk5	CDK2	CDK2	0.536	0.998	Cell division protein kinase 2	CDK2	CDK7	PhosphoSite	controls-state-change-of
P50613	P24941	S	164	KSFGsPNRA	164	cdk5	CDK2	CDK2	0.536	0.998	Cell division protein kinase 2	CDK2	CDK7	BIND;IntAct;DIP;HPRD;BioGRID	interacts-with
P38936	P24941	S	129	QAEGsPGGP	130	cdk5	CDK2	CDK2	0.623	0.999	Cell division protein kinase 2	CDK2	CDKN1A	PhosphoSite	controls-phosphorylation-of
P38936	P24941	S	129	QAEGsPGGP	130	cdk5	CDK2	CDK2	0.623	0.999	Cell division protein kinase 2	CDK2	CDKN1A	PhosphoSite;Reactome	controls-state-change-of
P38936	P24941	S	129	QAEGsPGGP	130	cdk5	CDK2	CDK2	0.623	0.999	Cell division protein kinase 2	CDK2	CDKN1A	BIND;IntAct;NetPath;DIP;HPRD;BioGRID	interacts-with
P38432	P24941	S	184	AKRKsPKKK	184	cdk5	CDK2	CDK2	0.515	0.996	Cell division protein kinase 2	CDK2	COIL	HPRD	interacts-with
P10244	P24941	S	577	GLRRsPIKK	577	cdk5	CDK2	CDK2	0.617	0.998	Cell division protein kinase 2	CDK2	MYBL2	HPRD;BioGRID	interacts-with
P10244	P24941	T	444	TPKStPVKT	444	cdk5	CDK2	CDK2	0.566	0.998	Cell division protein kinase 2	CDK2	MYBL2	HPRD;BioGRID	interacts-with
P10244	P24941	T	494	HRDKtPLHQ	494	cdk5	CDK2	CDK2	0.544	0.998	Cell division protein kinase 2	CDK2	MYBL2	HPRD;BioGRID	interacts-with
Q08999	P24941	T	417	SPCVtPVST	417	cdk5	CDK2	CDK2	0.66	0.997	Cell division protein kinase 2	CDK2	RBL2	PhosphoSite	controls-phosphorylation-of
Q08999	P24941	S	662	RSITsPTTL	662	cdk5	CDK2	CDK2	0.624	0.997	Cell division protein kinase 2	CDK2	RBL2	PhosphoSite	controls-phosphorylation-of
Q08999	P24941	T	694	SDGGtPGRM	694	cdk5	CDK2	CDK2	0.612	0.997	Cell division protein kinase 2	CDK2	RBL2	PhosphoSite	controls-phosphorylation-of
Q08999	P24941	S	952	SHQNsPTEL	952	cdk5	CDK2	CDK2	0.577	0.997	Cell division protein kinase 2	CDK2	RBL2	PhosphoSite	controls-phosphorylation-of
Q08999	P24941	S	1044	VRTGsPRRI	1044	cdk5	CDK2	CDK2	0.576	0.997	Cell division protein kinase 2	CDK2	RBL2	PhosphoSite	controls-phosphorylation-of
Q08999	P24941	S	639	CIAGsPLTP	639	cdk5	CDK2	CDK2	0.556	0.997	Cell division protein kinase 2	CDK2	RBL2	PhosphoSite	controls-phosphorylation-of
Q08999	P24941	S	1112	DGSEsPAKR	1112	cdk5	CDK2	CDK2	0.534	0.997	Cell division protein kinase 2	CDK2	RBL2	PhosphoSite	controls-phosphorylation-of
Q08999	P24941	T	1097	RTGEtPTKK	1097	cdk5	CDK2	CDK2	0.525	0.997	Cell division protein kinase 2	CDK2	RBL2	PhosphoSite	controls-phosphorylation-of
Q08999	P24941	S	1080	YFSNsPSKR	1080	cdk5	CDK2	CDK2	0.511	0.997	Cell division protein kinase 2	CDK2	RBL2	PhosphoSite	controls-phosphorylation-of
Q08999	P24941	T	417	SPCVtPVST	417	cdk5	CDK2	CDK2	0.66	0.997	Cell division protein kinase 2	CDK2	RBL2	PhosphoSite	controls-state-change-of
Q08999	P24941	S	662	RSITsPTTL	662	cdk5	CDK2	CDK2	0.624	0.997	Cell division protein kinase 2	CDK2	RBL2	PhosphoSite	controls-state-change-of
Q08999	P24941	T	694	SDGGtPGRM	694	cdk5	CDK2	CDK2	0.612	0.997	Cell division protein kinase 2	CDK2	RBL2	PhosphoSite	controls-state-change-of
Q08999	P24941	S	952	SHQNsPTEL	952	cdk5	CDK2	CDK2	0.577	0.997	Cell division protein kinase 2	CDK2	RBL2	PhosphoSite	controls-state-change-of
Q08999	P24941	S	1044	VRTGsPRRI	1044	cdk5	CDK2	CDK2	0.576	0.997	Cell division protein kinase 2	CDK2	RBL2	PhosphoSite	controls-state-change-of
Q08999	P24941	S	639	CIAGsPLTP	639	cdk5	CDK2	CDK2	0.556	0.997	Cell division protein kinase 2	CDK2	RBL2	PhosphoSite	controls-state-change-of
Q08999	P24941	S	1112	DGSEsPAKR	1112	cdk5	CDK2	CDK2	0.534	0.997	Cell division protein kinase 2	CDK2	RBL2	PhosphoSite	controls-state-change-of
Q08999	P24941	T	1097	RTGEtPTKK	1097	cdk5	CDK2	CDK2	0.525	0.997	Cell division protein kinase 2	CDK2	RBL2	PhosphoSite	controls-state-change-of
Q08999	P24941	S	1080	YFSNsPSKR	1080	cdk5	CDK2	CDK2	0.511	0.997	Cell division protein kinase 2	CDK2	RBL2	PhosphoSite	controls-state-change-of
Q08999	P24941	T	417	SPCVtPVST	417	cdk5	CDK2	CDK2	0.66	0.997	Cell division protein kinase 2	CDK2	RBL2	IntAct;HPRD;BioGRID	interacts-with
Q08999	P24941	S	662	RSITsPTTL	662	cdk5	CDK2	CDK2	0.624	0.997	Cell division protein kinase 2	CDK2	RBL2	IntAct;HPRD;BioGRID	interacts-with
Q08999	P24941	T	694	SDGGtPGRM	694	cdk5	CDK2	CDK2	0.612	0.997	Cell division protein kinase 2	CDK2	RBL2	IntAct;HPRD;BioGRID	interacts-with
Q08999	P24941	S	952	SHQNsPTEL	952	cdk5	CDK2	CDK2	0.577	0.997	Cell division protein kinase 2	CDK2	RBL2	IntAct;HPRD;BioGRID	interacts-with
Q08999	P24941	S	1044	VRTGsPRRI	1044	cdk5	CDK2	CDK2	0.576	0.997	Cell division protein kinase 2	CDK2	RBL2	IntAct;HPRD;BioGRID	interacts-with
Q08999	P24941	S	639	CIAGsPLTP	639	cdk5	CDK2	CDK2	0.556	0.997	Cell division protein kinase 2	CDK2	RBL2	IntAct;HPRD;BioGRID	interacts-with
Q08999	P24941	S	1112	DGSEsPAKR	1112	cdk5	CDK2	CDK2	0.534	0.997	Cell division protein kinase 2	CDK2	RBL2	IntAct;HPRD;BioGRID	interacts-with
Q08999	P24941	T	1097	RTGEtPTKK	1097	cdk5	CDK2	CDK2	0.525	0.997	Cell division protein kinase 2	CDK2	RBL2	IntAct;HPRD;BioGRID	interacts-with
Q08999	P24941	S	1080	YFSNsPSKR	1080	cdk5	CDK2	CDK2	0.511	0.997	Cell division protein kinase 2	CDK2	RBL2	IntAct;HPRD;BioGRID	interacts-with
P49459	P24941	S	120	PNPNsPANS	120	cdk5	CDK2	CDK2	0.607	0.973	Cell division protein kinase 2	CDK2	UBE2A	PhosphoSite	controls-phosphorylation-of
P49459	P24941	S	120	PNPNsPANS	120	cdk5	CDK2	CDK2	0.607	0.973	Cell division protein kinase 2	CDK2	UBE2A	PhosphoSite	controls-state-change-of
P49459	P24941	S	120	PNPNsPANS	120	cdk5	CDK2	CDK2	0.607	0.973	Cell division protein kinase 2	CDK2	UBE2A	HPRD;BioGRID	interacts-with
P20936	P00533	Y	460	GKEIyNTIR	460	EGFR	EGFR	EGFR	0.51	0.996	Epidermal growth factor receptor (Receptor tyrosine-protein kinase ErbB-1)	EGFR	RASA1	NetPath	controls-phosphorylation-of
P20936	P00533	Y	460	GKEIyNTIR	460	EGFR	EGFR	EGFR	0.51	0.996	Epidermal growth factor receptor (Receptor tyrosine-protein kinase ErbB-1)	EGFR	RASA1	NetPath	controls-state-change-of
P20936	P00533	Y	460	GKEIyNTIR	460	EGFR	EGFR	EGFR	0.51	0.996	Epidermal growth factor receptor (Receptor tyrosine-protein kinase ErbB-1)	EGFR	RASA1	BIND;Pathbank;IntAct;NetPath;HPRD;BioGRID	interacts-with
P24864	P49841	T	395	SGLLtPPQS	395	GSK3	GSK3B	GSK-3_beta	0.526	0.993	Glycogen synthase kinase-3 beta	GSK3B	CCNE1	CTD	controls-expression-of
P24864	P49841	T	395	SGLLtPPQS	395	GSK3	GSK3B	GSK-3_beta	0.526	0.993	Glycogen synthase kinase-3 beta	GSK3B	CCNE1	PhosphoSite	controls-phosphorylation-of
P24864	P49841	T	395	SGLLtPPQS	395	GSK3	GSK3B	GSK-3_beta	0.526	0.993	Glycogen synthase kinase-3 beta	GSK3B	CCNE1	PhosphoSite	controls-state-change-of
P03372	P49841	S	106	SVSPsPLML	106	GSK3	GSK3B	GSK-3_beta	0.51	0.993	Glycogen synthase kinase-3 beta	GSK3B	ESR1	PhosphoSite	controls-phosphorylation-of
P03372	P49841	S	118	PPQLsPFLQ	118	GSK3	GSK3B	GSK-3_beta	0.51	0.993	Glycogen synthase kinase-3 beta	GSK3B	ESR1	PhosphoSite	controls-phosphorylation-of
P03372	P49841	S	106	SVSPsPLML	106	GSK3	GSK3B	GSK-3_beta	0.51	0.993	Glycogen synthase kinase-3 beta	GSK3B	ESR1	PhosphoSite	controls-state-change-of
P03372	P49841	S	118	PPQLsPFLQ	118	GSK3	GSK3B	GSK-3_beta	0.51	0.993	Glycogen synthase kinase-3 beta	GSK3B	ESR1	PhosphoSite	controls-state-change-of
P13807	P49841	S	645	SVPPsPSLS	645	GSK3	GSK3B	GSK-3_beta	0.551	0.98	Glycogen synthase kinase-3 beta	GSK3B	GYS1	PANTHER;PhosphoSite;INOH	controls-phosphorylation-of
P13807	P49841	S	649	SPSLsRHSS	649	GSK3	GSK3B	GSK-3_beta	0.505	0.98	Glycogen synthase kinase-3 beta	GSK3B	GYS1	PANTHER;PhosphoSite;INOH	controls-phosphorylation-of
P13807	P49841	S	645	SVPPsPSLS	645	GSK3	GSK3B	GSK-3_beta	0.551	0.98	Glycogen synthase kinase-3 beta	GSK3B	GYS1	PANTHER;PhosphoSite;pid;INOH	controls-state-change-of
P13807	P49841	S	649	SPSLsRHSS	649	GSK3	GSK3B	GSK-3_beta	0.505	0.98	Glycogen synthase kinase-3 beta	GSK3B	GYS1	PANTHER;PhosphoSite;pid;INOH	controls-state-change-of
P13807	P49841	S	645	SVPPsPSLS	645	GSK3	GSK3B	GSK-3_beta	0.551	0.98	Glycogen synthase kinase-3 beta	GSK3B	GYS1	IntAct;HPRD;BioGRID	interacts-with
P13807	P49841	S	649	SPSLsRHSS	649	GSK3	GSK3B	GSK-3_beta	0.505	0.98	Glycogen synthase kinase-3 beta	GSK3B	GYS1	IntAct;HPRD;BioGRID	interacts-with
P10636	P49841	S	551	TPPKsPSSA	552	GSK3	GSK3B	GSK-3_beta	0.546	0.993	Glycogen synthase kinase-3 beta	GSK3B	MAPT	PhosphoSite;pid	controls-phosphorylation-of
P10636	P49841	T	547	AVVRtPPKS	548	GSK3	GSK3B	GSK-3_beta	0.541	0.993	Glycogen synthase kinase-3 beta	GSK3B	MAPT	PhosphoSite;pid	controls-phosphorylation-of
P10636	P49841	S	712	IVYKsPVVS	713	GSK3	GSK3B	GSK-3_beta	0.526	0.993	Glycogen synthase kinase-3 beta	GSK3B	MAPT	PhosphoSite;pid	controls-phosphorylation-of
P10636	P49841	S	720	SGDTsPRHL	721	GSK3	GSK3B	GSK-3_beta	0.526	0.993	Glycogen synthase kinase-3 beta	GSK3B	MAPT	PhosphoSite;pid	controls-phosphorylation-of
P10636	P49841	S	551	TPPKsPSSA	552	GSK3	GSK3B	GSK-3_beta	0.546	0.993	Glycogen synthase kinase-3 beta	GSK3B	MAPT	PhosphoSite;pid	controls-state-change-of
P10636	P49841	T	547	AVVRtPPKS	548	GSK3	GSK3B	GSK-3_beta	0.541	0.993	Glycogen synthase kinase-3 beta	GSK3B	MAPT	PhosphoSite;pid	controls-state-change-of
P10636	P49841	S	712	IVYKsPVVS	713	GSK3	GSK3B	GSK-3_beta	0.526	0.993	Glycogen synthase kinase-3 beta	GSK3B	MAPT	PhosphoSite;pid	controls-state-change-of
P10636	P49841	S	720	SGDTsPRHL	721	GSK3	GSK3B	GSK-3_beta	0.526	0.993	Glycogen synthase kinase-3 beta	GSK3B	MAPT	PhosphoSite;pid	controls-state-change-of
P10636	P49841	S	551	TPPKsPSSA	552	GSK3	GSK3B	GSK-3_beta	0.546	0.993	Glycogen synthase kinase-3 beta	GSK3B	MAPT	BIND;IntAct;HPRD;BioGRID	interacts-with
P10636	P49841	T	547	AVVRtPPKS	548	GSK3	GSK3B	GSK-3_beta	0.541	0.993	Glycogen synthase kinase-3 beta	GSK3B	MAPT	BIND;IntAct;HPRD;BioGRID	interacts-with
P10636	P49841	S	712	IVYKsPVVS	713	GSK3	GSK3B	GSK-3_beta	0.526	0.993	Glycogen synthase kinase-3 beta	GSK3B	MAPT	BIND;IntAct;HPRD;BioGRID	interacts-with
P10636	P49841	S	720	SGDTsPRHL	721	GSK3	GSK3B	GSK-3_beta	0.526	0.993	Glycogen synthase kinase-3 beta	GSK3B	MAPT	BIND;IntAct;HPRD;BioGRID	interacts-with
P01106	P49841	T	58	ELLPtPPLS	58	GSK3	GSK3B	GSK-3_beta	0.541	0.992	Glycogen synthase kinase-3 beta	GSK3B	MYC	CTD	controls-expression-of
P01106	P49841	T	58	ELLPtPPLS	58	GSK3	GSK3B	GSK-3_beta	0.541	0.992	Glycogen synthase kinase-3 beta	GSK3B	MYC	PhosphoSite;pid	controls-phosphorylation-of
P01106	P49841	T	58	ELLPtPPLS	58	GSK3	GSK3B	GSK-3_beta	0.541	0.992	Glycogen synthase kinase-3 beta	GSK3B	MYC	CTD;PhosphoSite;pid	controls-state-change-of
P01106	P49841	T	58	ELLPtPPLS	58	GSK3	GSK3B	GSK-3_beta	0.541	0.992	Glycogen synthase kinase-3 beta	GSK3B	MYC	IntAct;DIP;HPRD;BioGRID	interacts-with
P60484	P49841	T	366	STSVtPDVS	366	GSK3	GSK3B	GSK-3_beta	0.505	0.993	Glycogen synthase kinase-3 beta	GSK3B	PTEN	PhosphoSite;NetPath	controls-phosphorylation-of
P60484	P49841	T	366	STSVtPDVS	366	GSK3	GSK3B	GSK-3_beta	0.505	0.993	Glycogen synthase kinase-3 beta	GSK3B	PTEN	PhosphoSite;NetPath	controls-state-change-of
P18031	P06213	Y	153	IKSYyTVRQ	153	INSR	INSR	INSR	0.569	0.999	Insulin receptor	INSR	PTPN1	pid	controls-expression-of
P18031	P06213	Y	152	DIKSyYTVR	152	INSR	INSR	INSR	0.56	0.999	Insulin receptor	INSR	PTPN1	pid	controls-expression-of
P18031	P06213	Y	153	IKSYyTVRQ	153	INSR	INSR	INSR	0.569	0.999	Insulin receptor	INSR	PTPN1	pid	controls-phosphorylation-of
P18031	P06213	Y	152	DIKSyYTVR	152	INSR	INSR	INSR	0.56	0.999	Insulin receptor	INSR	PTPN1	pid	controls-phosphorylation-of
P18031	P06213	Y	153	IKSYyTVRQ	153	INSR	INSR	INSR	0.569	0.999	Insulin receptor	INSR	PTPN1	pid	controls-state-change-of
P18031	P06213	Y	152	DIKSyYTVR	152	INSR	INSR	INSR	0.56	0.999	Insulin receptor	INSR	PTPN1	pid	controls-state-change-of
P18031	P06213	Y	153	IKSYyTVRQ	153	INSR	INSR	INSR	0.569	0.999	Insulin receptor	INSR	PTPN1	IntAct;DIP;HPRD;BioGRID	interacts-with
P18031	P06213	Y	152	DIKSyYTVR	152	INSR	INSR	INSR	0.56	0.999	Insulin receptor	INSR	PTPN1	IntAct;DIP;HPRD;BioGRID	interacts-with
P25963	P06239	Y	42	KDEEyEQMV	42	SRC	LCK	Lck	0.545	0.996	lymphocyte-specific protein tyrosine kinase	LCK	NFKBIA	PhosphoSite;pid	controls-phosphorylation-of
P25963	P06239	Y	42	KDEEyEQMV	42	SRC	LCK	Lck	0.545	0.996	lymphocyte-specific protein tyrosine kinase	LCK	NFKBIA	PhosphoSite;pid	controls-state-change-of
P25963	P06239	Y	42	KDEEyEQMV	42	SRC	LCK	Lck	0.545	0.996	lymphocyte-specific protein tyrosine kinase	LCK	NFKBIA	BIND;HPRD	interacts-with
P16885	P06239	Y	1197	EEELySSCR	1197	SRC	LCK	Lck	0.585	0.974	lymphocyte-specific protein tyrosine kinase	LCK	PLCG2	PhosphoSite;Reactome	controls-phosphorylation-of
P16885	P06239	Y	1197	EEELySSCR	1197	SRC	LCK	Lck	0.585	0.974	lymphocyte-specific protein tyrosine kinase	LCK	PLCG2	PhosphoSite;Reactome	controls-state-change-of
P16885	P06239	Y	1197	EEELySSCR	1197	SRC	LCK	Lck	0.585	0.974	lymphocyte-specific protein tyrosine kinase	LCK	PLCG2	Reactome	controls-transport-of
P16885	P06239	Y	1197	EEELySSCR	1197	SRC	LCK	Lck	0.585	0.974	lymphocyte-specific protein tyrosine kinase	LCK	PLCG2	HPRD	interacts-with
P52735	P06239	Y	142	DDDVyRSLE	142	SRC	LCK	Lck	0.581	0.989	lymphocyte-specific protein tyrosine kinase	LCK	VAV2	pid;Reactome	controls-phosphorylation-of
P52735	P06239	Y	142	DDDVyRSLE	142	SRC	LCK	Lck	0.581	0.989	lymphocyte-specific protein tyrosine kinase	LCK	VAV2	pid;Reactome	controls-state-change-of
P19419	Q16539	S	389	IAPRsPAKL	389	p38MAPK	MAPK14	MAPK14	0.557	0.992	mitogen-activated protein kinase 14 (p38alpha)	MAPK14	ELK1	PANTHER;PhosphoSite;NetPath	controls-phosphorylation-of
P19419	Q16539	S	383	WSTLsPIAP	383	p38MAPK	MAPK14	MAPK14	0.541	0.992	mitogen-activated protein kinase 14 (p38alpha)	MAPK14	ELK1	PANTHER;PhosphoSite;NetPath	controls-phosphorylation-of
P19419	Q16539	S	389	IAPRsPAKL	389	p38MAPK	MAPK14	MAPK14	0.557	0.992	mitogen-activated protein kinase 14 (p38alpha)	MAPK14	ELK1	PANTHER;PhosphoSite;NetPath	controls-state-change-of
P19419	Q16539	S	383	WSTLsPIAP	383	p38MAPK	MAPK14	MAPK14	0.541	0.992	mitogen-activated protein kinase 14 (p38alpha)	MAPK14	ELK1	PANTHER;PhosphoSite;NetPath	controls-state-change-of
Q02078	Q16539	S	453	EMGRsPVDS	453	p38MAPK	MAPK14	MAPK14	0.546	0.987	mitogen-activated protein kinase 14 (p38alpha)	MAPK14	MEF2A	PhosphoSite;pid	controls-phosphorylation-of
Q02078	Q16539	S	453	EMGRsPVDS	453	p38MAPK	MAPK14	MAPK14	0.546	0.987	mitogen-activated protein kinase 14 (p38alpha)	MAPK14	MEF2A	PhosphoSite;pid;Reactome	controls-state-change-of
Q02078	Q16539	S	453	EMGRsPVDS	453	p38MAPK	MAPK14	MAPK14	0.546	0.987	mitogen-activated protein kinase 14 (p38alpha)	MAPK14	MEF2A	HPRD;BioGRID	interacts-with
P14598	Q16539	S	345	PGPQsPGSP	345	p38MAPK	MAPK14	MAPK14	0.551	0.99	mitogen-activated protein kinase 14 (p38alpha)	MAPK14	NCF1	PhosphoSite;Reactome	controls-phosphorylation-of
P14598	Q16539	S	348	QSPGsPLEE	348	p38MAPK	MAPK14	MAPK14	0.531	0.99	mitogen-activated protein kinase 14 (p38alpha)	MAPK14	NCF1	PhosphoSite;Reactome	controls-phosphorylation-of
P14598	Q16539	S	345	PGPQsPGSP	345	p38MAPK	MAPK14	MAPK14	0.551	0.99	mitogen-activated protein kinase 14 (p38alpha)	MAPK14	NCF1	PhosphoSite;Reactome	controls-state-change-of
P14598	Q16539	S	348	QSPGsPLEE	348	p38MAPK	MAPK14	MAPK14	0.531	0.99	mitogen-activated protein kinase 14 (p38alpha)	MAPK14	NCF1	PhosphoSite;Reactome	controls-state-change-of
P14598	Q16539	S	345	PGPQsPGSP	345	p38MAPK	MAPK14	MAPK14	0.551	0.99	mitogen-activated protein kinase 14 (p38alpha)	MAPK14	NCF1	BIND;HPRD	interacts-with
P14598	Q16539	S	348	QSPGsPLEE	348	p38MAPK	MAPK14	MAPK14	0.531	0.99	mitogen-activated protein kinase 14 (p38alpha)	MAPK14	NCF1	BIND;HPRD	interacts-with
Q9UBK2	Q16539	S	266	LTPEsPNDP	266	p38MAPK	MAPK14	MAPK14	0.541	0.989	mitogen-activated protein kinase 14 (p38alpha)	MAPK14	PPARGC1A	PhosphoSite;pid;Reactome	controls-phosphorylation-of
Q9UBK2	Q16539	T	263	SLPLtPESP	263	p38MAPK	MAPK14	MAPK14	0.531	0.989	mitogen-activated protein kinase 14 (p38alpha)	MAPK14	PPARGC1A	PhosphoSite;pid;Reactome	controls-phosphorylation-of
Q9UBK2	Q16539	T	299	TPPTtPPHK	299	p38MAPK	MAPK14	MAPK14	0.531	0.989	mitogen-activated protein kinase 14 (p38alpha)	MAPK14	PPARGC1A	PhosphoSite;pid;Reactome	controls-phosphorylation-of
Q9UBK2	Q16539	S	266	LTPEsPNDP	266	p38MAPK	MAPK14	MAPK14	0.541	0.989	mitogen-activated protein kinase 14 (p38alpha)	MAPK14	PPARGC1A	PhosphoSite;pid;Reactome	controls-state-change-of
Q9UBK2	Q16539	T	263	SLPLtPESP	263	p38MAPK	MAPK14	MAPK14	0.531	0.989	mitogen-activated protein kinase 14 (p38alpha)	MAPK14	PPARGC1A	PhosphoSite;pid;Reactome	controls-state-change-of
Q9UBK2	Q16539	T	299	TPPTtPPHK	299	p38MAPK	MAPK14	MAPK14	0.531	0.989	mitogen-activated protein kinase 14 (p38alpha)	MAPK14	PPARGC1A	PhosphoSite;pid;Reactome	controls-state-change-of
Q9UBK2	Q16539	S	266	LTPEsPNDP	266	p38MAPK	MAPK14	MAPK14	0.541	0.989	mitogen-activated protein kinase 14 (p38alpha)	MAPK14	PPARGC1A	HPRD	interacts-with
Q9UBK2	Q16539	T	263	SLPLtPESP	263	p38MAPK	MAPK14	MAPK14	0.531	0.989	mitogen-activated protein kinase 14 (p38alpha)	MAPK14	PPARGC1A	HPRD	interacts-with
Q9UBK2	Q16539	T	299	TPPTtPPHK	299	p38MAPK	MAPK14	MAPK14	0.531	0.989	mitogen-activated protein kinase 14 (p38alpha)	MAPK14	PPARGC1A	HPRD	interacts-with
Q15750	Q16539	S	438	LTNQsPTLT	438	p38MAPK	MAPK14	MAPK14	0.547	0.99	mitogen-activated protein kinase 14 (p38alpha)	MAPK14	TAB1	PhosphoSite	controls-phosphorylation-of
Q15750	Q16539	S	438	LTNQsPTLT	438	p38MAPK	MAPK14	MAPK14	0.547	0.99	mitogen-activated protein kinase 14 (p38alpha)	MAPK14	TAB1	PhosphoSite;pid	controls-state-change-of
Q15750	Q16539	S	438	LTNQsPTLT	438	p38MAPK	MAPK14	MAPK14	0.547	0.99	mitogen-activated protein kinase 14 (p38alpha)	MAPK14	TAB1	BIND;Pathbank;IntAct;NetPath;HPRD;BioGRID	interacts-with
O43521	P28482	S	69	APPAsPGPF	69	Erk1	MAPK1	MAPK1	0.592	0.997	mitogen-activated protein kinase 1 (Erk2)	MAPK1	BCL2L11	PhosphoSite	controls-phosphorylation-of
O43521	P28482	S	69	APPAsPGPF	69	Erk1	MAPK1	MAPK1	0.592	0.997	mitogen-activated protein kinase 1 (Erk2)	MAPK1	BCL2L11	PhosphoSite	controls-state-change-of
P01106	P28482	S	62	TPPLsPSRR	62	Erk1	MAPK1	MAPK1	0.572	0.997	mitogen-activated protein kinase 1 (Erk2)	MAPK1	MYC	PANTHER;PhosphoSite	controls-phosphorylation-of
P01106	P28482	S	62	TPPLsPSRR	62	Erk1	MAPK1	MAPK1	0.572	0.997	mitogen-activated protein kinase 1 (Erk2)	MAPK1	MYC	PANTHER;PhosphoSite	controls-state-change-of
P01106	P28482	S	62	TPPLsPSRR	62	Erk1	MAPK1	MAPK1	0.572	0.997	mitogen-activated protein kinase 1 (Erk2)	MAPK1	MYC	BioGRID	interacts-with
P47712	P28482	S	505	SYPLsPLSD	505	Erk1	MAPK1	MAPK1	0.611	0.976	mitogen-activated protein kinase 1 (Erk2)	MAPK1	PLA2G4A	PhosphoSite;Reactome	controls-phosphorylation-of
P47712	P28482	S	505	SYPLsPLSD	505	Erk1	MAPK1	MAPK1	0.611	0.976	mitogen-activated protein kinase 1 (Erk2)	MAPK1	PLA2G4A	PANTHER;PhosphoSite;Reactome	controls-state-change-of
P47712	P28482	S	505	SYPLsPLSD	505	Erk1	MAPK1	MAPK1	0.611	0.976	mitogen-activated protein kinase 1 (Erk2)	MAPK1	PLA2G4A	BioGRID	interacts-with
P37231	P28482	S	112	VEPAsPPYY	112	Erk1	MAPK1	MAPK1	0.553	0.996	mitogen-activated protein kinase 1 (Erk2)	MAPK1	PPARG	CTD	controls-expression-of
P37231	P28482	S	112	VEPAsPPYY	112	Erk1	MAPK1	MAPK1	0.553	0.996	mitogen-activated protein kinase 1 (Erk2)	MAPK1	PPARG	PANTHER;PhosphoSite	controls-phosphorylation-of
P37231	P28482	S	112	VEPAsPPYY	112	Erk1	MAPK1	MAPK1	0.553	0.996	mitogen-activated protein kinase 1 (Erk2)	MAPK1	PPARG	PANTHER;PhosphoSite	controls-state-change-of
P37231	P28482	S	112	VEPAsPPYY	112	Erk1	MAPK1	MAPK1	0.553	0.996	mitogen-activated protein kinase 1 (Erk2)	MAPK1	PPARG	HPRD;BioGRID	interacts-with
P17480	P28482	T	117	KKPLtPYFR	117	Erk1	MAPK1	MAPK1	0.55	0.98	mitogen-activated protein kinase 1 (Erk2)	MAPK1	UBTF	HPRD;BioGRID	interacts-with
P00533	P27361	T	693	VEPLtPSGE	693	Erk1	MAPK3	MAPK3	0.62	0.996	mitogen-activated protein kinase 3 (Erk1)	MAPK3	EGFR	PhosphoSite	controls-phosphorylation-of
P00533	P27361	T	693	VEPLtPSGE	693	Erk1	MAPK3	MAPK3	0.62	0.996	mitogen-activated protein kinase 3 (Erk1)	MAPK3	EGFR	PhosphoSite	controls-state-change-of
Q9UJY1	P27361	T	87	AEGRtPPPF	87	Erk1	MAPK3	MAPK3	0.588	0.941	mitogen-activated protein kinase 3 (Erk1)	MAPK3	HSPB8	PhosphoSite	controls-phosphorylation-of
Q9UJY1	P27361	T	87	AEGRtPPPF	87	Erk1	MAPK3	MAPK3	0.588	0.941	mitogen-activated protein kinase 3 (Erk1)	MAPK3	HSPB8	PhosphoSite	controls-state-change-of
P15336	P05771	S	349	RAAAsRCRQ	349	PKC	PRKCB1	PKC_beta	0.83	0.977	protein kinase C, beta 1	PRKCB	ATF2	PhosphoSite	controls-phosphorylation-of
P15336	P05771	S	322	TQSTsGRRR	322	PKC	PRKCB1	PKC_beta	0.728	0.977	protein kinase C, beta 1	PRKCB	ATF2	PhosphoSite	controls-phosphorylation-of
P15336	P05771	S	349	RAAAsRCRQ	349	PKC	PRKCB1	PKC_beta	0.83	0.977	protein kinase C, beta 1	PRKCB	ATF2	PhosphoSite	controls-state-change-of
P15336	P05771	S	322	TQSTsGRRR	322	PKC	PRKCB1	PKC_beta	0.728	0.977	protein kinase C, beta 1	PRKCB	ATF2	PhosphoSite	controls-state-change-of
P07900	P78527	T	6	EETQtQDQP	7	DNAPK	PRKDC	DNA-PK	0.608	0.996	DNA-dependent protein kinase catalytic subunit	PRKDC	HSP90AA1	PhosphoSite	controls-phosphorylation-of
P07900	P78527	T	6	EETQtQDQP	7	DNAPK	PRKDC	DNA-PK	0.608	0.996	DNA-dependent protein kinase catalytic subunit	PRKDC	HSP90AA1	PhosphoSite	controls-state-change-of
P15927	P78527	S	33	SPAPsQAEK	33	DNAPK	PRKDC	DNA-PK	0.625	0.996	DNA-dependent protein kinase catalytic subunit	PRKDC	RPA2	PhosphoSite	controls-phosphorylation-of
P15927	P78527	S	33	SPAPsQAEK	33	DNAPK	PRKDC	DNA-PK	0.625	0.996	DNA-dependent protein kinase catalytic subunit	PRKDC	RPA2	PhosphoSite	controls-state-change-of
P15927	P78527	S	33	SPAPsQAEK	33	DNAPK	PRKDC	DNA-PK	0.625	0.996	DNA-dependent protein kinase catalytic subunit	PRKDC	RPA2	BIND;DIP;HPRD;BioGRID	interacts-with
P11831	P78527	S	435	LNAFsQAPS	435	DNAPK	PRKDC	DNA-PK	0.613	0.994	DNA-dependent protein kinase catalytic subunit	PRKDC	SRF	PhosphoSite	controls-phosphorylation-of
P11831	P78527	S	446	QVSHsQVQE	446	DNAPK	PRKDC	DNA-PK	0.606	0.994	DNA-dependent protein kinase catalytic subunit	PRKDC	SRF	PhosphoSite	controls-phosphorylation-of
P11831	P78527	S	435	LNAFsQAPS	435	DNAPK	PRKDC	DNA-PK	0.613	0.994	DNA-dependent protein kinase catalytic subunit	PRKDC	SRF	PhosphoSite	controls-state-change-of
P11831	P78527	S	446	QVSHsQVQE	446	DNAPK	PRKDC	DNA-PK	0.606	0.994	DNA-dependent protein kinase catalytic subunit	PRKDC	SRF	PhosphoSite	controls-state-change-of
P11831	P78527	S	435	LNAFsQAPS	435	DNAPK	PRKDC	DNA-PK	0.613	0.994	DNA-dependent protein kinase catalytic subunit	PRKDC	SRF	HPRD;BioGRID	interacts-with
P11831	P78527	S	446	QVSHsQVQE	446	DNAPK	PRKDC	DNA-PK	0.606	0.994	DNA-dependent protein kinase catalytic subunit	PRKDC	SRF	HPRD;BioGRID	interacts-with
P04637	P78527	S	15	EPPLsQETF	15	DNAPK	PRKDC	DNA-PK	0.625	0.997	DNA-dependent protein kinase catalytic subunit	PRKDC	TP53	PhosphoSite	controls-phosphorylation-of
P04637	P78527	S	37	SPLPsQAMD	37	DNAPK	PRKDC	DNA-PK	0.599	0.997	DNA-dependent protein kinase catalytic subunit	PRKDC	TP53	PhosphoSite	controls-phosphorylation-of
P04637	P78527	S	15	EPPLsQETF	15	DNAPK	PRKDC	DNA-PK	0.625	0.997	DNA-dependent protein kinase catalytic subunit	PRKDC	TP53	CTD;PhosphoSite	controls-state-change-of
P04637	P78527	S	37	SPLPsQAMD	37	DNAPK	PRKDC	DNA-PK	0.599	0.997	DNA-dependent protein kinase catalytic subunit	PRKDC	TP53	CTD;PhosphoSite	controls-state-change-of
P04637	P78527	S	15	EPPLsQETF	15	DNAPK	PRKDC	DNA-PK	0.625	0.997	DNA-dependent protein kinase catalytic subunit	PRKDC	TP53	HPRD;BioGRID	interacts-with
P04637	P78527	S	37	SPLPsQAMD	37	DNAPK	PRKDC	DNA-PK	0.599	0.997	DNA-dependent protein kinase catalytic subunit	PRKDC	TP53	HPRD;BioGRID	interacts-with
P62753	P23443	S	235	RRRLsSLRA	235	RSK	RPS6KB1	p70S6K	0.541	0.994	ribosomal protein S6 kinase, 70kDa, polypeptide 1	RPS6KB1	RPS6	PANTHER;PhosphoSite;NetPath;INOH;Reactome	controls-phosphorylation-of
P62753	P23443	S	236	RRLSsLRAS	236	RSK	RPS6KB1	p70S6K	0.531	0.994	ribosomal protein S6 kinase, 70kDa, polypeptide 1	RPS6KB1	RPS6	PANTHER;PhosphoSite;NetPath;INOH;Reactome	controls-phosphorylation-of
P62753	P23443	S	235	RRRLsSLRA	235	RSK	RPS6KB1	p70S6K	0.541	0.994	ribosomal protein S6 kinase, 70kDa, polypeptide 1	RPS6KB1	RPS6	PANTHER;CTD;PhosphoSite;pid;NetPath;INOH;Reactome	controls-state-change-of
P62753	P23443	S	236	RRLSsLRAS	236	RSK	RPS6KB1	p70S6K	0.531	0.994	ribosomal protein S6 kinase, 70kDa, polypeptide 1	RPS6KB1	RPS6	PANTHER;CTD;PhosphoSite;pid;NetPath;INOH;Reactome	controls-state-change-of
