SubstrateID	Position	Code	KinaseID	Peptide	motif_score	context_score	KinaseID_x	genesymbol_kinase	KinaseID_y	Gene name
Q12778	256	S	('P31749',)	RRAAsMDNN	0.873	0.998	('P31749',)	AKT1	('P31749',)	AKT1
P22736	351	S	('P31749',)	GRLPsKPKQ	0.854	0.984	('P31749',)	AKT1	('P31749',)	AKT1
Q12778	319	S	('P31749',)	PRTSsNAST	0.851	0.998	('P31749',)	AKT1	('P31749',)	AKT1
O15111	23	T	('P31749',)	ERLGtGGFG	0.849	0.996	('P31749',)	AKT1	('P31749',)	AKT1
Q00987	186	S	('P31749',)	KRHKsDSIS	0.847	0.996	('P31749',)	AKT1	('P31749',)	AKT1
Q7Z589	209	S	('P31749',)	RRTNsSSSS	0.838	0.994	('P31749',)	AKT1	('P31749',)	AKT1
O43524	253	S	('P31749',)	RRAVsMDNS	0.83	0.996	('P31749',)	AKT1	('P31749',)	AKT1
P21453	236	T	('P31749',)	SRRLtFRKN	0.826	0.988	('P31749',)	AKT1	('P31749',)	AKT1
O14757	280	S	('P31749',)	PRVTsGGVS	0.825	0.996	('P31749',)	AKT1	('P31749',)	AKT1
Q00987	166	S	('P31749',)	RRAIsETEE	0.822	0.996	('P31749',)	AKT1	('P31749',)	AKT1
P46527	157	T	('P31749',)	KRPAtDDSS	0.815	0.995	('P31749',)	AKT1	('P31749',)	AKT1
O14746	824	S	('P31749',)	IRGKsYVQC	0.815	0.994	('P31749',)	AKT1	('P31749',)	AKT1
O43524	32	T	('P31749',)	PRSCtWPLQ	0.813	0.996	('P31749',)	AKT1	('P31749',)	AKT1
P03372	167	S	('P31749',)	ERLAsTNDK	0.807	0.996	('P31749',)	AKT1	('P31749',)	AKT1
Q9H4A3	60	T	('O00141',)	RRRHtMDKD	0.804	0.946	('O00141',)	SGK	('O00141',)	SGK1
P42345	2448	S	('P31749',)	TRTDsYSAG	0.799	0.999	('P31749',)	AKT1	('P31749',)	AKT1
O60825	466	S	('P31749',)	MRRNsFTPL	0.79	0.957	('P31749',)	AKT1	('P31749',)	AKT1
P38398	509	T	('P31749',)	KRRPtSGLH	0.769	0.996	('P31749',)	AKT1	('P31749',)	AKT1
Q09472	1834	S	('P31749',)	RRMAsMQRT	0.763	0.996	('P31749',)	AKT1	('P31749',)	AKT1
P55211	196	S	('P31749',)	RRFSsLHFM	0.76	0.996	('P31749',)	AKT1	('P31749',)	AKT1
P04049	259	S	('P31749',)	QRSTsTPNV	0.754	0.996	('P31749',)	AKT1	('P31749',)	AKT1
Q12778	24	T	('P31749',)	PRSCtWPLP	0.744	0.998	('P31749',)	AKT1	('P31749',)	AKT1
P02545	404	S	('P31749',)	GRASsHSSQ	0.74	0.962	('P31749',)	AKT1	('P31749',)	AKT1
O14746	227	S	('P31749',)	RRGGsASRS	0.728	0.994	('P31749',)	AKT1	('P31749',)	AKT1
O60825	483	S	('P31749',)	PRNYsVGSR	0.71	0.957	('P31749',)	AKT1	('P31749',)	AKT1
P49736	27	S	('P24941',)	PLTSsPGRS	0.708	0.995	('P24941',)	CDK2	('P24941',)	CDK2
P24864	395	T	('P24941',)	SGLLtPPQS	0.703	0.999	('P24941',)	CDK2	('P24941',)	CDK2
P48048	44	S	('O00141',)	ARLVsKDGR	0.7	0.942	('O00141',)	SGK	('O00141',)	SGK1
Q92993	90	S	('P06493',)	SRPGsPERE	0.69	0.993	('P06493', 'A0A024QZJ8', 'A0A024QZP7', 'I6L9I5')	CDC2	('P06493',)	CDK1
O60934	397	S	('Q13315',)	FRMLsQDAP	0.687	0.999	('Q13315',)	ATM	('Q13315',)	ATM
P68400	360	T	('P06493',)	SSVPtPSPL	0.683	0.973	('P06493', 'A0A024QZJ8', 'A0A024QZP7', 'I6L9I5')	CDC2	('P06493',)	CDK1
P49815	1462	T	('P31749',)	PRGYtISDS	0.682	0.998	('P31749',)	AKT1	('P31749',)	AKT1
Q9BXW9	222	S	('Q13315',)	ILGDsQHAD	0.68	0.999	('Q13315',)	ATM	('Q13315',)	ATM
Q14191	1141	S	('Q13315',)	AYSSsQPVI	0.678	0.998	('Q13315',)	ATM	('Q13315',)	ATM
Q14683	966	S	('Q13315',)	SVSGsQRIS	0.673	0.999	('Q13315',)	ATM	('Q13315',)	ATM
Q13415	273	S	('P24941',)	SEITsPSKR	0.672	0.995	('P24941',)	CDK2	('P24941',)	CDK2
Q14247	405	S	('P28482',)	TPPVsPAPQ	0.672	0.958	('P28482',)	MAPK1	('P28482',)	MAPK1
Q01094	31	S	('Q13315',)	LLDSsQIVI	0.671	0.997	('Q13315',)	ATM	('Q13315',)	ATM
P38398	1457	S	('Q13315',)	AVLTsQKSS	0.668	0.999	('Q13315',)	ATM	('Q13315',)	ATM
P49418	285	S	('P06493',)	LAPAsPAPA	0.667	0.941	('P06493', 'A0A024QZJ8', 'A0A024QZP7', 'I6L9I5')	CDC2	('P06493',)	CDK1
O60934	343	S	('Q13315',)	GPSLsQGVS	0.665	0.999	('Q13315',)	ATM	('Q13315',)	ATM
P54274	219	S	('Q13315',)	LMIIsQKDT	0.665	0.999	('Q13315',)	ATM	('Q13315',)	ATM
O60934	278	S	('Q13315',)	GITNsQTLI	0.661	0.999	('Q13315',)	ATM	('Q13315',)	ATM
O96017	28	S	('Q13315',)	SVTQsQGSS	0.661	0.999	('Q13315',)	ATM	('Q13315',)	ATM
Q14683	957	S	('Q13315',)	EEGSsQGED	0.66	0.999	('Q13315',)	ATM	('Q13315',)	ATM
Q08999	417	T	('P24941',)	SPCVtPVST	0.66	0.997	('P24941',)	CDK2	('P24941',)	CDK2
P23443	444	T	('P06493',)	GSPRtPVSP	0.658	0.969	('P06493', 'A0A024QZJ8', 'A0A024QZP7', 'I6L9I5')	CDC2	('P06493',)	CDK1
Q99741	74	S	('P24941',)	LPPCsPPKQ	0.657	0.997	('P24941',)	CDK2	('P24941',)	CDK2
Q9H1A4	377	S	('P06493',)	SHNQsPKRH	0.657	0.948	('P06493', 'A0A024QZJ8', 'A0A024QZP7', 'I6L9I5')	CDC2	('P06493',)	CDK1
P45985	80	S	('P31749',)	LRTHsIESS	0.654	0.996	('P31749',)	AKT1	('P31749',)	AKT1
Q9BXW9	1257	S	('Q13315',)	TAADsQQIH	0.653	0.999	('Q13315',)	ATM	('Q13315',)	ATM
Q99708	664	S	('Q13315',)	GADLsQYKM	0.652	0.997	('Q13315',)	ATM	('Q13315',)	ATM
P38398	1387	S	('Q13315',)	SGLSsQSDI	0.651	0.999	('Q13315',)	ATM	('Q13315',)	ATM
Q99638	272	S	('Q13315',)	TDSHsQDLG	0.651	0.996	('Q13315',)	ATM	('Q13315',)	ATM
P30291	123	S	('P06493',)	FGSSsPVKS	0.648	0.999	('P06493', 'A0A024QZJ8', 'A0A024QZP7', 'I6L9I5')	CDC2	('P06493',)	CDK1
P01106	62	S	('P24941',)	TPPLsPSRR	0.648	0.997	('P24941',)	CDK2	('P24941',)	CDK2
P38398	1423	S	('Q13315',)	EQHGsQPSN	0.64	0.999	('Q13315',)	ATM	('Q13315',)	ATM
P46108	221	Y	('P00519',)	EPGPyAQPS	0.638	0.998	('P00519', 'A0A024R8E2', 'Q13689', 'Q13688', 'Q13691', 'Q3B836', 'Q13914', 'Q13915', 'Q3B837', 'R4GRW0', 'Q86Y36', 'A2RQD5', 'A2RQD6', 'A8E194', 'A2RQD3', 'A2RQD4', 'E7E8T7', 'A0A0U4EGU4', 'Q8NF93', 'A2RQD7')	ABL1	('P00519',)	ABL1
P15927	23	S	('P24941',)	GYTQsPGGF	0.638	0.997	('P24941',)	CDK2	('P24941',)	CDK2
P16104	139	S	('P78527',)	ATQAsQEY	0.635	0.995	('P78527',)	PRKDC	('P78527',)	PRKDC
P06400	252	T	('P24941',)	GSPRtPRRG	0.633	0.998	('P24941',)	CDK2	('P24941',)	CDK2
P38398	1524	S	('Q13315',)	RNYPsQEEL	0.63	0.999	('Q13315',)	ATM	('Q13315',)	ATM
Q14191	1292	S	('Q13315',)	GMHLsQAVK	0.628	0.998	('Q13315',)	ATM	('Q13315',)	ATM
Q9Y6Q9	867	S	('P06493',)	SVGSsPPVK	0.626	0.992	('P06493', 'A0A024QZJ8', 'A0A024QZP7', 'I6L9I5')	CDC2	('P06493',)	CDK1
O96017	68	T	('Q13315',)	ETVStQELY	0.625	0.999	('Q13315',)	ATM	('Q13315',)	ATM
P04637	15	S	('P78527',)	EPPLsQETF	0.625	0.997	('P78527',)	PRKDC	('P78527',)	PRKDC
P05412	249	S	('P78527',)	IDMEsQERI	0.625	0.996	('P78527',)	PRKDC	('P78527',)	PRKDC
P15927	33	S	('P78527',)	SPAPsQAEK	0.625	0.996	('P78527',)	PRKDC	('P78527',)	PRKDC
O96017	35	S	('Q13315',)	SSSQsQGIS	0.624	0.999	('Q13315',)	ATM	('Q13315',)	ATM
Q08999	662	S	('P24941',)	RSITsPTTL	0.624	0.997	('P24941',)	CDK2	('P24941',)	CDK2
P49917	199	S	('Q13315',)	KLGVsQQTI	0.624	0.986	('Q13315',)	ATM	('Q13315',)	ATM
P00533	693	T	('P27361',)	VEPLtPSGE	0.62	0.996	('P27361',)	MAPK3	('P27361',)	MAPK3
P17676	235	T	('P28482',)	SPPGtPSPA	0.619	0.985	('P28482',)	MAPK1	('P28482',)	MAPK1
P10244	577	S	('P24941',)	GLRRsPIKK	0.617	0.998	('P24941',)	CDK2	('P24941',)	CDK2
P49815	939	S	('P31749',)	ARSTsLNER	0.616	0.998	('P31749',)	AKT1	('P31749',)	AKT1
Q99708	745	S	('Q13315',)	ADSFsQAAD	0.615	0.997	('Q13315',)	ATM	('Q13315',)	ATM
P11831	435	S	('P78527',)	LNAFsQAPS	0.613	0.994	('P78527',)	PRKDC	('P78527',)	PRKDC
P42345	2446	T	('P31749',)	SRTRtDSYS	0.612	0.999	('P31749',)	AKT1	('P31749',)	AKT1
Q08999	694	T	('P24941',)	SDGGtPGRM	0.612	0.997	('P24941',)	CDK2	('P24941',)	CDK2
P47712	505	S	('P28482',)	SYPLsPLSD	0.611	0.976	('P28482',)	MAPK1	('P28482',)	MAPK1
P68400	362	S	('P06493',)	VPTPsPLGP	0.611	0.973	('P06493', 'A0A024QZJ8', 'A0A024QZP7', 'I6L9I5')	CDC2	('P06493',)	CDK1
Q12888	6	S	('Q13315',)	DPTGsQLDS	0.61	0.998	('Q13315',)	ATM	('Q13315',)	ATM
O96017	26	T	('Q13315',)	HGSVtQSQG	0.609	0.999	('Q13315',)	ATM	('Q13315',)	ATM
O96017	68	T	('P78527',)	ETVStQELY	0.608	0.996	('P78527',)	PRKDC	('P78527',)	PRKDC
P49459	120	S	('P24941',)	PNPNsPANS	0.607	0.973	('P24941',)	CDK2	('P24941',)	CDK2
Q9NS91	99	S	('P24941',)	FALEsPAKS	0.607	0.969	('P24941',)	CDK2	('P24941',)	CDK2
P11831	446	S	('P78527',)	QVSHsQVQE	0.606	0.994	('P78527',)	PRKDC	('P78527',)	PRKDC
P67870	2	S	('P19784',)	sSSEE	0.603	0.999	('P19784',)	CSNK2A2	('P19784',)	CSNK2A2
Q05397	576	Y	('P12931',)	EDSTyYKAS	0.602	0.999	('P12931', 'Q71UK5', 'A0A8I5KYU4')	SRC	('P12931',)	SRC
Q01094	332	S	('P06493',)	ATIVsPPPS	0.602	0.997	('P06493', 'A0A024QZJ8', 'A0A024QZP7', 'I6L9I5')	CDC2	('P06493',)	CDK1
P04637	37	S	('P78527',)	SPLPsQAMD	0.599	0.997	('P78527',)	PRKDC	('P78527',)	PRKDC
P14598	345	S	('P28482',)	PGPQsPGSP	0.599	0.994	('P28482',)	MAPK1	('P28482',)	MAPK1
P04637	46	S	('Q13315',)	DLMLsPDDI	0.598	0.999	('Q13315',)	ATM	('Q13315',)	ATM
Q05397	407	Y	('P12931',)	EEDTyTMPS	0.597	0.999	('P12931', 'Q71UK5', 'A0A8I5KYU4')	SRC	('P12931',)	SRC
P35222	45	S	('P49674',)	TTAPsLSGK	0.597	0.983	('P49674', 'Q5U045', 'H7C3J2', 'L8EC90', 'A0A669KBC0', 'B0QY35', 'H0Y5S9', 'H0Y645', 'H0Y682', 'B0QY34', 'B0QY36', 'H7C0Y5')	CSNK1E	('P49674',)	CSNK1E
Q14247	470	Y	('P12931',)	TEAVyESAE	0.597	0.961	('P12931', 'Q71UK5', 'A0A8I5KYU4')	SRC	('P12931',)	SRC
P03372	106	S	('P24941',)	SVSPsPLML	0.596	0.997	('P24941',)	CDK2	('P24941',)	CDK2
O43521	69	S	('P28482',)	APPAsPGPF	0.592	0.997	('P28482',)	MAPK1	('P28482',)	MAPK1
O75943	656	S	('Q13315',)	ELPAsQPQP	0.592	0.996	('Q13315',)	ATM	('Q13315',)	ATM
P28749	988	S	('P24941',)	SIYIsPHKN	0.591	0.999	('P24941',)	CDK2	('P24941',)	CDK2
P06400	373	T	('P24941',)	IPPHtPVRT	0.591	0.998	('P24941',)	CDK2	('P24941',)	CDK2
P22681	731	Y	('P06239',)	DSCTyEAMY	0.59	0.999	('P06239',)	LCK	('P06239',)	LCK
Q13671	36	Y	('P00519',)	QDPLyDVPN	0.588	0.999	('P00519', 'A0A024R8E2', 'Q13689', 'Q13688', 'Q13691', 'Q3B836', 'Q13914', 'Q13915', 'Q3B837', 'R4GRW0', 'Q86Y36', 'A2RQD5', 'A2RQD6', 'A8E194', 'A2RQD3', 'A2RQD4', 'E7E8T7', 'A0A0U4EGU4', 'Q8NF93', 'A2RQD7')	ABL1	('P00519',)	ABL1
Q9UJY1	87	T	('P27361',)	AEGRtPPPF	0.588	0.941	('P27361',)	MAPK3	('P27361',)	MAPK3
Q99741	54	S	('P24941',)	ALPLsPRKR	0.586	0.997	('P24941',)	CDK2	('P24941',)	CDK2
P28749	650	S	('P24941',)	ERYSsPTAG	0.585	0.999	('P24941',)	CDK2	('P24941',)	CDK2
P06400	249	S	('P24941',)	PINGsPRTP	0.585	0.998	('P24941',)	CDK2	('P24941',)	CDK2
Q12888	25	S	('Q13315',)	IIEDsQPES	0.585	0.998	('Q13315',)	ATM	('Q13315',)	ATM
P16885	1197	Y	('P06239',)	EEELySSCR	0.585	0.974	('P06239',)	LCK	('P06239',)	LCK
Q13426	320	S	('P78527',)	AENMsLETL	0.584	0.988	('P78527',)	PRKDC	('P78527',)	PRKDC
P06400	811	S	('P24941',)	SPLKsPYKI	0.583	0.998	('P24941',)	CDK2	('P24941',)	CDK2
P27824	583	S	('P06493',)	ILNRsPRNR	0.582	0.994	('P06493', 'A0A024QZJ8', 'A0A024QZP7', 'I6L9I5')	CDC2	('P06493',)	CDK1
P52735	142	Y	('P06239',)	DDDVyRSLE	0.581	0.989	('P06239',)	LCK	('P06239',)	LCK
P67870	209	S	('P06493',)	SNFKsPVKT	0.581	0.972	('P06493', 'A0A024QZJ8', 'A0A024QZP7', 'I6L9I5')	CDC2	('P06493',)	CDK1
Q15788	569	S	('P24941',)	SSQNsPSRL	0.579	0.994	('P24941',)	CDK2	('P24941',)	CDK2
Q13426	260	S	('P78527',)	SIISsLDVT	0.578	0.988	('P78527',)	PRKDC	('P78527',)	PRKDC
Q13426	304	S	('P78527',)	RPDSsLPET	0.578	0.988	('P78527',)	PRKDC	('P78527',)	PRKDC
P04637	18	T	('P48730',)	LSQEtFSDL	0.578	0.979	('P48730',)	CSNK1D	('P48730',)	CSNK1D
Q08999	952	S	('P24941',)	SHQNsPTEL	0.577	0.997	('P24941',)	CDK2	('P24941',)	CDK2
P30260	343	T	('P06493',)	SREVtPILA	0.577	0.95	('P06493', 'A0A024QZJ8', 'A0A024QZP7', 'I6L9I5')	CDC2	('P06493',)	CDK1
P49959	264	S	('Q13315',)	LFYIsQPGS	0.576	0.999	('Q13315',)	ATM	('Q13315',)	ATM
Q08999	1044	S	('P24941',)	VRTGsPRRI	0.576	0.997	('P24941',)	CDK2	('P24941',)	CDK2
Q15831	363	T	('Q13315',)	DIIYtQDFT	0.576	0.99	('Q13315',)	ATM	('Q13315',)	ATM
Q05397	577	Y	('P12931',)	DSTYyKASK	0.575	0.999	('P12931', 'Q71UK5', 'A0A8I5KYU4')	SRC	('P12931',)	SRC
Q13415	375	T	('P24941',)	EATStPHRI	0.575	0.995	('P24941',)	CDK2	('P24941',)	CDK2
P16220	133	S	('P51812',)	SRRPsYRKI	0.575	0.986	('P51812', 'B4DG22', 'B1AXG1', 'B7ZB17', 'A0A2R8YGB7', 'Q8TDJ4', 'A0A2R8Y7S9', 'B1AXG2', 'Q7Z2E2', 'Q7Z2J3', 'Q7Z2J4', 'A0A2R8Y603')	RPS6KA3	('P51812',)	RPS6KA3
Q92934	75	S	('P51812',)	SRHSsYPAG	0.571	0.991	('P51812', 'B4DG22', 'B1AXG1', 'B7ZB17', 'A0A2R8YGB7', 'Q8TDJ4', 'A0A2R8Y7S9', 'B1AXG2', 'Q7Z2E2', 'Q7Z2J3', 'Q7Z2J4', 'A0A2R8Y603')	RPS6KA3	('P51812',)	RPS6KA3
P18031	153	Y	('P06213',)	IKSYyTVRQ	0.569	0.999	('P06213',)	INSR	('P06213',)	INSR
P38398	1497	S	('P06493',)	VERSsPSKC	0.569	0.998	('P06493', 'A0A024QZJ8', 'A0A024QZP7', 'I6L9I5')	CDC2	('P06493',)	CDK1
O14757	345	S	('Q13315',)	GISFsQPTC	0.567	0.999	('Q13315',)	ATM	('Q13315',)	ATM
P06748	199	T	('P06493',)	SIRDtPAKN	0.567	0.998	('P06493', 'A0A024QZJ8', 'A0A024QZP7', 'I6L9I5')	CDC2	('P06493',)	CDK1
Q00613	307	S	('Q16539',)	SPPQsPRVE	0.567	0.992	('Q16539',)	MAPK14	('Q16539',)	MAPK14
O96017	33	S	('Q13315',)	QGSSsQSQG	0.566	0.999	('Q13315',)	ATM	('Q13315',)	ATM
P00519	393	Y	('P06241',)	TGDTyTAHA	0.566	0.998	('P06241', 'E5RFS5', 'E5RH71', 'E5RIX5', 'P78484', 'E5RFM0', 'E5RHF7', 'E5RHX7', 'E5RFM4', 'E5RFM6', 'E5RGM6', 'E5RGT0', 'E5RI25', 'E5RK23', 'E5RJX7', 'Q14342')	FYN	('P06241',)	FYN
P10244	444	T	('P24941',)	TPKStPVKT	0.566	0.998	('P24941',)	CDK2	('P24941',)	CDK2
Q00613	303	S	('Q16539',)	EEPPsPPQS	0.566	0.992	('Q16539',)	MAPK14	('Q16539',)	MAPK14
P35638	82	S	('Q16539',)	QSPHsPDSS	0.566	0.991	('Q16539',)	MAPK14	('Q16539',)	MAPK14
Q14247	486	Y	('P12931',)	EDSTyDEYE	0.562	0.961	('P12931', 'Q71UK5', 'A0A8I5KYU4')	SRC	('P12931',)	SRC
P25963	32	S	('P51812',)	DRHDsGLDS	0.561	0.99	('P51812', 'B4DG22', 'B1AXG1', 'B7ZB17', 'A0A2R8YGB7', 'Q8TDJ4', 'A0A2R8Y7S9', 'B1AXG2', 'Q7Z2E2', 'Q7Z2J3', 'Q7Z2J4', 'A0A2R8Y603')	RPS6KA3	('P51812',)	RPS6KA3
P18031	152	Y	('P06213',)	DIKSyYTVR	0.56	0.999	('P06213',)	INSR	('P06213',)	INSR
P01100	362	S	('P51812',)	HRKGsSSNE	0.56	0.993	('P51812', 'B4DG22', 'B1AXG1', 'B7ZB17', 'A0A2R8YGB7', 'Q8TDJ4', 'A0A2R8Y7S9', 'B1AXG2', 'Q7Z2E2', 'Q7Z2J3', 'Q7Z2J4', 'A0A2R8Y603')	RPS6KA3	('P51812',)	RPS6KA3
Q12888	29	S	('Q13315',)	SQPEsQVLE	0.557	0.998	('Q13315',)	ATM	('Q13315',)	ATM
P49736	41	S	('P24941',)	ALTSsPGRD	0.557	0.995	('P24941',)	CDK2	('P24941',)	CDK2
P19419	389	S	('Q16539',)	IAPRsPAKL	0.557	0.992	('Q16539',)	MAPK14	('Q16539',)	MAPK14
Q08999	639	S	('P24941',)	CIAGsPLTP	0.556	0.997	('P24941',)	CDK2	('P24941',)	CDK2
O75943	646	S	('Q13315',)	SLPLsQNSA	0.556	0.996	('Q13315',)	ATM	('Q13315',)	ATM
O15530	373	Y	('P08069',)	DEDCyGNYD	0.556	0.994	('P08069', 'C9J5X1', 'H0YMJ5', 'H0YNR0', 'H3BSZ8', 'Q3B833')	IGF1R	('P08069',)	IGF1R
Q14978	607	T	('P06493',)	IKLQtPNTF	0.556	0.987	('P06493', 'A0A024QZJ8', 'A0A024QZP7', 'I6L9I5')	CDC2	('P06493',)	CDK1
Q14247	421	Y	('P12931',)	SSPVyEDAA	0.555	0.961	('P12931', 'Q71UK5', 'A0A8I5KYU4')	SRC	('P12931',)	SRC
P14317	378	Y	('P07948',)	PENDyEDVE	0.555	0.904	('P07948', 'E5RJ37', 'Q6NUK7')	LYN	('P07948',)	LYN
P37231	112	S	('P28482',)	VEPAsPPYY	0.553	0.996	('P28482',)	MAPK1	('P28482',)	MAPK1
Q05397	925	Y	('P12931',)	NDKVyENVT	0.552	0.999	('P12931', 'Q71UK5', 'A0A8I5KYU4')	SRC	('P12931',)	SRC
P06400	252	T	('Q16539',)	GSPRtPRRG	0.552	0.992	('Q16539',)	MAPK14	('Q16539',)	MAPK14
Q00613	303	S	('P49841',)	EEPPsPPQS	0.551	0.992	('P49841',)	GSK3B	('P49841',)	GSK3B
P03372	167	S	('P51812',)	ERLAsTNDK	0.551	0.991	('P51812', 'B4DG22', 'B1AXG1', 'B7ZB17', 'A0A2R8YGB7', 'Q8TDJ4', 'A0A2R8Y7S9', 'B1AXG2', 'Q7Z2E2', 'Q7Z2J3', 'Q7Z2J4', 'A0A2R8Y603')	RPS6KA3	('P51812',)	RPS6KA3
P14598	345	S	('Q16539',)	PGPQsPGSP	0.551	0.99	('Q16539',)	MAPK14	('Q16539',)	MAPK14
P13807	645	S	('P49841',)	SVPPsPSLS	0.551	0.98	('P49841',)	GSK3B	('P49841',)	GSK3B
P17480	117	T	('P28482',)	KKPLtPYFR	0.55	0.98	('P28482',)	MAPK1	('P28482',)	MAPK1
Q00613	303	S	('P28482',)	EEPPsPPQS	0.549	0.997	('P28482',)	MAPK1	('P28482',)	MAPK1
P49792	2276	S	('P06493',)	KSALsPSKS	0.547	0.997	('P06493', 'A0A024QZJ8', 'A0A024QZP7', 'I6L9I5')	CDC2	('P06493',)	CDK1
Q15750	438	S	('Q16539',)	LTNQsPTLT	0.547	0.99	('Q16539',)	MAPK14	('Q16539',)	MAPK14
P55273	76	S	('P24941',)	TSGTsPVHD	0.547	0.961	('P24941',)	CDK2	('P24941',)	CDK2
O96017	19	S	('Q13315',)	SSACsQPHG	0.546	0.999	('Q13315',)	ATM	('Q13315',)	ATM
Q14289	579	Y	('P07948',)	EDEDyYKAS	0.546	0.997	('P07948', 'E5RJ37', 'Q6NUK7')	LYN	('P07948',)	LYN
Q02078	453	S	('Q16539',)	EMGRsPVDS	0.546	0.987	('Q16539',)	MAPK14	('Q16539',)	MAPK14
P22681	774	Y	('P12931',)	EDDGyDVPK	0.545	0.999	('P12931', 'Q71UK5', 'A0A8I5KYU4')	SRC	('P12931',)	SRC
P29353	427	Y	('P12931',)	DDPSyVNVQ	0.545	0.998	('P12931', 'Q71UK5', 'A0A8I5KYU4')	SRC	('P12931',)	SRC
P49023	88	Y	('P12931',)	SSPVyGSSA	0.545	0.998	('P12931', 'Q71UK5', 'A0A8I5KYU4')	SRC	('P12931',)	SRC
P25963	42	Y	('P06239',)	KDEEyEQMV	0.545	0.996	('P06239',)	LCK	('P06239',)	LCK
P10244	494	T	('P24941',)	HRDKtPLHQ	0.544	0.998	('P24941',)	CDK2	('P24941',)	CDK2
P06748	237	T	('P06493',)	KTPKtPKGP	0.541	0.998	('P06493', 'A0A024QZJ8', 'A0A024QZP7', 'I6L9I5')	CDC2	('P06493',)	CDK1
P62753	235	S	('P23443',)	RRRLsSLRA	0.541	0.994	('P23443',)	RPS6KB1	('P23443',)	RPS6KB1
P19419	383	S	('Q16539',)	WSTLsPIAP	0.541	0.992	('Q16539',)	MAPK14	('Q16539',)	MAPK14
Q9Y6Q9	867	S	('P45983',)	SVGSsPPVK	0.541	0.992	('P45983', 'A1L4K2', 'A0A3B3IRW7', 'C9J762', 'B5BUB8', 'C9JWQ4')	MAPK8	('P45983',)	MAPK8
Q9UBK2	266	S	('Q16539',)	LTPEsPNDP	0.541	0.989	('Q16539',)	MAPK14	('Q16539',)	MAPK14
P13051	60	T	('P49841',)	EEPGtPPSS	0.541	0.969	('P49841',)	GSK3B	('P49841',)	GSK3B
Q9C0C2	691	S	('P24941',)	DLLAsPPPS	0.541	0.905	('P24941',)	CDK2	('P24941',)	CDK2
P22681	700	Y	('P06241',)	EDTEyMTPS	0.539	0.999	('P06241', 'E5RFS5', 'E5RH71', 'E5RIX5', 'P78484', 'E5RFM0', 'E5RHF7', 'E5RHX7', 'E5RFM4', 'E5RFM6', 'E5RGM6', 'E5RGT0', 'E5RI25', 'E5RK23', 'E5RJX7', 'Q14342')	FYN	('P06241',)	FYN
P40259	196	Y	('P07948',)	EDHTyEGLD	0.539	0.969	('P07948', 'E5RJ37', 'Q6NUK7')	LYN	('P07948',)	LYN
Q92878	635	S	('Q13315',)	DVCGsQDFE	0.536	0.999	('Q13315',)	ATM	('Q13315',)	ATM
P50613	164	S	('P24941',)	KSFGsPNRA	0.536	0.998	('P24941',)	CDK2	('P24941',)	CDK2
P04150	508	S	('P78527',)	TTGVsQETS	0.536	0.995	('P78527',)	PRKDC	('P78527',)	PRKDC
P05412	243	S	('P49841',)	TPPLsPIDM	0.536	0.994	('P49841',)	GSK3B	('P49841',)	GSK3B
P05412	239	T	('P49841',)	MPGEtPPLS	0.536	0.994	('P49841',)	GSK3B	('P49841',)	GSK3B
Q92993	90	S	('P49841',)	SRPGsPERE	0.536	0.994	('P49841',)	GSK3B	('P49841',)	GSK3B
Q9H1A4	537	T	('P06493',)	DGVStPKPL	0.536	0.948	('P06493', 'A0A024QZJ8', 'A0A024QZP7', 'I6L9I5')	CDC2	('P06493',)	CDK1
Q13501	269	T	('P06493',)	RSRLtPVSP	0.535	0.988	('P06493', 'A0A024QZJ8', 'A0A024QZP7', 'I6L9I5')	CDC2	('P06493',)	CDK1
P28749	997	T	('P24941',)	GSGLtPRSA	0.534	0.999	('P24941',)	CDK2	('P24941',)	CDK2
Q08999	1112	S	('P24941',)	DGSEsPAKR	0.534	0.997	('P24941',)	CDK2	('P24941',)	CDK2
P62753	236	S	('P23443',)	RRLSsLRAS	0.531	0.994	('P23443',)	RPS6KB1	('P23443',)	RPS6KB1
P06400	249	S	('Q16539',)	PINGsPRTP	0.531	0.992	('Q16539',)	MAPK14	('Q16539',)	MAPK14
P14598	348	S	('Q16539',)	QSPGsPLEE	0.531	0.99	('Q16539',)	MAPK14	('Q16539',)	MAPK14
Q9UBK2	263	T	('Q16539',)	SLPLtPESP	0.531	0.989	('Q16539',)	MAPK14	('Q16539',)	MAPK14
Q9UBK2	299	T	('Q16539',)	TPPTtPPHK	0.531	0.989	('Q16539',)	MAPK14	('Q16539',)	MAPK14
P18858	76	S	('P24941',)	DEALsPAKG	0.526	0.998	('P24941',)	CDK2	('P24941',)	CDK2
Q92993	86	S	('P49841',)	GLPGsRPGS	0.526	0.994	('P49841',)	GSK3B	('P49841',)	GSK3B
P24864	395	T	('P49841',)	SGLLtPPQS	0.526	0.993	('P49841',)	GSK3B	('P49841',)	GSK3B
P04150	226	S	('Q16539',)	NCLLsPLAG	0.526	0.992	('Q16539',)	MAPK14	('Q16539',)	MAPK14
Q07666	84	T	('Q16539',)	GPAPtPLLP	0.526	0.992	('Q16539',)	MAPK14	('Q16539',)	MAPK14
Q9UN19	139	Y	('P12931',)	EPSIyESVR	0.526	0.985	('P12931', 'Q71UK5', 'A0A8I5KYU4')	SRC	('P12931',)	SRC
P27816	696	S	('P06493',)	ELPPsPEKK	0.526	0.984	('P06493', 'A0A024QZJ8', 'A0A024QZP7', 'I6L9I5')	CDC2	('P06493',)	CDK1
P25054	1279	S	('P49674',)	SSLSsLSSA	0.526	0.983	('P49674', 'Q5U045', 'H7C3J2', 'L8EC90', 'A0A669KBC0', 'B0QY35', 'H0Y5S9', 'H0Y645', 'H0Y682', 'B0QY34', 'B0QY36', 'H7C0Y5')	CSNK1E	('P49674',)	CSNK1E
P56945	653	Y	('P12931',)	PDGQyENSE	0.525	0.998	('P12931', 'Q71UK5', 'A0A8I5KYU4')	SRC	('P12931',)	SRC
Q08999	1097	T	('P24941',)	RTGEtPTKK	0.525	0.997	('P24941',)	CDK2	('P24941',)	CDK2
P06400	807	S	('P24941',)	NIYIsPLKS	0.523	0.998	('P24941',)	CDK2	('P24941',)	CDK2
Q14247	405	S	('P06493',)	TPPVsPAPQ	0.523	0.958	('P06493', 'A0A024QZJ8', 'A0A024QZP7', 'I6L9I5')	CDC2	('P06493',)	CDK1
P30304	18	S	('P06493',)	LFACsPPPA	0.521	0.999	('P06493', 'A0A024QZJ8', 'A0A024QZP7', 'I6L9I5')	CDC2	('P06493',)	CDK1
P18754	11	S	('P06493',)	AKRRsPPAD	0.521	0.995	('P06493', 'A0A024QZJ8', 'A0A024QZP7', 'I6L9I5')	CDC2	('P06493',)	CDK1
P29350	564	Y	('P07948',)	KEDVyENLH	0.52	0.997	('P07948', 'E5RJ37', 'Q6NUK7')	LYN	('P07948',)	LYN
P04150	203	S	('Q16539',)	FSSGsPGKE	0.516	0.992	('Q16539',)	MAPK14	('Q16539',)	MAPK14
P02545	392	S	('P06493',)	RLSPsPTSQ	0.516	0.96	('P06493', 'A0A024QZJ8', 'A0A024QZP7', 'I6L9I5')	CDC2	('P06493',)	CDK1
P38432	184	S	('P24941',)	AKRKsPKKK	0.515	0.996	('P24941',)	CDK2	('P24941',)	CDK2
P27816	787	S	('P06493',)	EKRAsPSKP	0.515	0.984	('P06493', 'A0A024QZJ8', 'A0A024QZP7', 'I6L9I5')	CDC2	('P06493',)	CDK1
Q86U86	948	S	('Q13315',)	HRTYsQDCS	0.515	0.908	('Q13315',)	ATM	('Q13315',)	ATM
Q08999	1080	S	('P24941',)	YFSNsPSKR	0.511	0.997	('P24941',)	CDK2	('P24941',)	CDK2
P35568	662	Y	('P08069',)	DPNGyMMMS	0.51	0.999	('P08069', 'C9J5X1', 'H0YMJ5', 'H0YNR0', 'H3BSZ8', 'Q3B833')	IGF1R	('P08069',)	IGF1R
P20936	460	Y	('P00533',)	GKEIyNTIR	0.51	0.996	('P00533',)	EGFR	('P00533',)	EGFR
P03372	106	S	('P49841',)	SVSPsPLML	0.51	0.993	('P49841',)	GSK3B	('P49841',)	GSK3B
P03372	118	S	('P49841',)	PPQLsPFLQ	0.51	0.993	('P49841',)	GSK3B	('P49841',)	GSK3B
P04637	20	S	('Q13315',)	QETFsDLWK	0.508	0.999	('Q13315',)	ATM	('Q13315',)	ATM
O14757	317	S	('Q13315',)	KYSSsQPEP	0.505	0.999	('Q13315',)	ATM	('Q13315',)	ATM
P30305	160	S	('P06493',)	LLGHsPVLR	0.505	0.999	('P06493', 'A0A024QZJ8', 'A0A024QZP7', 'I6L9I5')	CDC2	('P06493',)	CDK1
P15498	174	Y	('P06239',)	GDEIyEDLM	0.505	0.997	('P06239',)	LCK	('P06239',)	LCK
P78527	2638	T	('Q13315',)	QIRAtQQQH	0.505	0.996	('Q13315',)	ATM	('Q13315',)	ATM
P11912	199	Y	('P06241',)	DCSMyEDIS	0.505	0.994	('P06241', 'E5RFS5', 'E5RH71', 'E5RIX5', 'P78484', 'E5RFM0', 'E5RHF7', 'E5RHX7', 'E5RFM4', 'E5RFM6', 'E5RGM6', 'E5RGT0', 'E5RI25', 'E5RK23', 'E5RJX7', 'Q14342')	FYN	('P06241',)	FYN
P24385	286	T	('P49841',)	DLACtPTDV	0.505	0.994	('P49841',)	GSK3B	('P49841',)	GSK3B
P60484	366	T	('P49841',)	STSVtPDVS	0.505	0.993	('P49841',)	GSK3B	('P49841',)	GSK3B
P04150	211	S	('Q16539',)	ETNEsPWRS	0.505	0.992	('Q16539',)	MAPK14	('Q16539',)	MAPK14
Q9Y6K9	31	S	('P49841',)	LGEEsPLGK	0.505	0.991	('P49841',)	GSK3B	('P49841',)	GSK3B
P13807	649	S	('P49841',)	SPSLsRHSS	0.505	0.98	('P49841',)	GSK3B	('P49841',)	GSK3B
Q9NYF8	531	S	('P49841',)	FREEsPLRI	0.505	0.972	('P49841',)	GSK3B	('P49841',)	GSK3B
P02545	390	S	('P06493',)	RLRLsPSPT	0.505	0.96	('P06493', 'A0A024QZJ8', 'A0A024QZP7', 'I6L9I5')	CDC2	('P06493',)	CDK1
Q9NP31	305	Y	('P06239',)	PSNIyVEVE	0.505	0.924	('P06239',)	LCK	('P06239',)	LCK
P51813	566	Y	('P12931',)	LDDQyVSSV	0.505	0.907	('P12931', 'Q71UK5', 'A0A8I5KYU4')	SRC	('P12931',)	SRC
